-- phpMyAdmin SQL Dump
-- version 5.2.0
-- https://www.phpmyadmin.net/
--
-- Host: 127.0.0.1
-- Waktu pembuatan: 19 Agu 2022 pada 10.54
-- Versi server: 10.4.24-MariaDB
-- Versi PHP: 8.1.6

SET SQL_MODE = "NO_AUTO_VALUE_ON_ZERO";
START TRANSACTION;
SET time_zone = "+00:00";


/*!40101 SET @OLD_CHARACTER_SET_CLIENT=@@CHARACTER_SET_CLIENT */;
/*!40101 SET @OLD_CHARACTER_SET_RESULTS=@@CHARACTER_SET_RESULTS */;
/*!40101 SET @OLD_COLLATION_CONNECTION=@@COLLATION_CONNECTION */;
/*!40101 SET NAMES utf8mb4 */;

--
-- Database: `pelanggaran_siswa`
--

-- --------------------------------------------------------

--
-- Struktur dari tabel `data_siswa`
--

CREATE TABLE `data_siswa` (
  `id_siswa` int(3) DEFAULT NULL,
  `id_kelas` int(1) DEFAULT NULL,
  `id_jurusan` int(2) DEFAULT NULL,
  `nis` int(5) DEFAULT NULL,
  `nama_siswa` varchar(35) DEFAULT NULL,
  `email` varchar(10) DEFAULT NULL,
  `jmlh_poin` int(3) DEFAULT NULL,
  `role` varchar(5) DEFAULT NULL,
  `foto` varchar(10) DEFAULT NULL,
  `password` int(6) DEFAULT NULL,
  `created_at` varchar(20) DEFAULT NULL
) ENGINE=InnoDB DEFAULT CHARSET=utf8;

--
-- Dumping data untuk tabel `data_siswa`
--

INSERT INTO `data_siswa` (`id_siswa`, `id_kelas`, `id_jurusan`, `nis`, `nama_siswa`, `email`, `jmlh_poin`, `role`, `foto`, `password`, `created_at`) VALUES
(1, 3, 25, 11001, 'ADCHIKA AULIA IZZATI', NULL, 100, 'siswa', NULL, 123456, '2022-08-19 08:25:00'),
(2, 3, 25, 10749, 'AISYAH NAYLA RAHMA', NULL, 100, 'siswa', NULL, 123456, '2022-08-19 08:25:01'),
(3, 3, 25, 11002, 'ALYA RAHMAWATI LAGATARI', NULL, 99, 'siswa', NULL, 123456, '2022-08-19 08:25:02'),
(4, 3, 25, 11003, 'ANGELICA BONIERA TAMPUBOLON', NULL, 100, 'siswa', NULL, 123456, '2022-08-19 08:25:03'),
(5, 3, 25, 11250, 'ANISA RAHMALIA', NULL, 100, 'siswa', NULL, 123456, '2022-08-19 08:25:04'),
(6, 3, 25, 10751, 'DEVINA AYU ANDIRO', NULL, 100, 'siswa', NULL, 123456, '2022-08-19 08:25:05'),
(7, 3, 25, 10752, 'DEWI SALSABILLA IBRAHIM', NULL, 100, 'siswa', NULL, 123456, '2022-08-19 08:25:06'),
(8, 3, 25, 10753, 'DHEA FEBIOLA', NULL, 100, 'siswa', NULL, 123456, '2022-08-19 08:25:07'),
(9, 3, 25, 10754, 'DIVA NURHAYATI', NULL, 98, 'siswa', NULL, 123456, '2022-08-19 08:25:08'),
(10, 3, 25, 10755, 'DWI RISMA MEIDINA INDRIYANTI', NULL, 99, 'siswa', NULL, 123456, '2022-08-19 08:25:09'),
(11, 3, 25, 10756, 'FATIMAH AZETVICA', NULL, 99, 'siswa', NULL, 123456, '2022-08-19 08:25:10'),
(12, 3, 25, 10758, 'GABRIEL INTAN NUGRAHENI NOPITASARI', NULL, 100, 'siswa', NULL, 123456, '2022-08-19 08:25:11'),
(13, 3, 25, 10760, 'HILDA WALIMATUS SA\'DIYAH', NULL, 100, 'siswa', NULL, 123456, '2022-08-19 08:25:12'),
(14, 3, 25, 10761, 'INDAH ROSIDANINGSIH', NULL, 99, 'siswa', NULL, 123456, '2022-08-19 08:25:13'),
(15, 3, 25, 10763, 'KHOIRUNISA SABILA AL\'ZAHRO', NULL, 99, 'siswa', NULL, 123456, '2022-08-19 08:25:14'),
(16, 3, 25, 10764, 'KUMAEROH', NULL, 99, 'siswa', NULL, 123456, '2022-08-19 08:25:15'),
(17, 3, 25, 10765, 'MEGA PRATIWI', NULL, 100, 'siswa', NULL, 123456, '2022-08-19 08:25:16'),
(18, 3, 25, 10766, 'MELISA MAKASAEHE', NULL, 98, 'siswa', NULL, 123456, '2022-08-19 08:25:17'),
(19, 3, 25, 10768, 'MONICA APRILIA SINAGA', NULL, 96, 'siswa', NULL, 123456, '2022-08-19 08:25:18'),
(20, 3, 25, 10771, 'NUR KHOLISAH', NULL, 100, 'siswa', NULL, 123456, '2022-08-19 08:25:19'),
(21, 3, 25, 10772, 'NURHAYATI', NULL, 100, 'siswa', NULL, 123456, '2022-08-19 08:25:20'),
(22, 3, 25, 10773, 'PINKAN KARTIKA SARI', NULL, 99, 'siswa', NULL, 123456, '2022-08-19 08:25:21'),
(23, 3, 25, 10774, 'PUTRI SUSILOWATY', NULL, 100, 'siswa', NULL, 123456, '2022-08-19 08:25:22'),
(24, 3, 25, 10775, 'RAIHAN MAULANA', NULL, 96, 'siswa', NULL, 123456, '2022-08-19 08:25:23'),
(25, 3, 25, 10776, 'RANI NURHAJATI RAHARJO', NULL, 100, 'siswa', NULL, 123456, '2022-08-19 08:25:24'),
(26, 3, 25, 10777, 'RAWILDA ANGGEL LINA', NULL, 99, 'siswa', NULL, 123456, '2022-08-19 08:25:25'),
(27, 3, 25, 10778, 'RIZKI WIRANGGA', NULL, 97, 'siswa', NULL, 123456, '2022-08-19 08:25:26'),
(28, 3, 25, 10815, 'SALSABILLA ALTIARA', NULL, 100, 'siswa', NULL, 123456, '2022-08-19 08:25:27'),
(29, 3, 25, 10779, 'SISKA MABRUROZI AMEILIA', NULL, 100, 'siswa', NULL, 123456, '2022-08-19 08:25:28'),
(30, 3, 25, 11251, 'SALOMO GERALD AMUDI MANURUNG', NULL, 100, 'siswa', NULL, 123456, '2022-08-19 08:25:29'),
(31, 3, 25, 10781, 'SYAHLA\' QOTRUNNADA', NULL, 100, 'siswa', NULL, 123456, '2022-08-19 08:25:30'),
(32, 3, 25, 10782, 'TINA MEYLINA LAYASTANI', NULL, 97, 'siswa', NULL, 123456, '2022-08-19 08:25:31'),
(33, 3, 25, 10784, 'YUNI SAFITRI', NULL, 100, 'siswa', NULL, 123456, '2022-08-19 08:25:32'),
(34, 3, 26, 10785, 'ADIKA SEPTADA PUTRA', NULL, 99, 'siswa', NULL, 123456, '2022-08-19 08:25:33'),
(35, 3, 26, 10786, 'ADINDA SEKAR DELIMA', NULL, 99, 'siswa', NULL, 123456, '2022-08-19 08:25:34'),
(36, 3, 26, 10787, 'AGUSTIAYU NINGSIH', NULL, 97, 'siswa', NULL, 123456, '2022-08-19 08:25:35'),
(37, 3, 26, 10789, 'AMELIA RENITA', NULL, 100, 'siswa', NULL, 123456, '2022-08-19 08:25:36'),
(38, 3, 26, 11252, 'CHINTYA EVELIN PAKPAHAN', NULL, 100, 'siswa', NULL, 123456, '2022-08-19 08:25:37'),
(39, 3, 26, 10791, 'DESSY SYAHARANI', NULL, 99, 'siswa', NULL, 123456, '2022-08-19 08:25:38'),
(40, 3, 26, 10792, 'DEVANI AISKA MAULIDA ARTIWI PAHSYA', NULL, 100, 'siswa', NULL, 123456, '2022-08-19 08:25:39'),
(41, 3, 26, 10793, 'DWI APRILIANTI', NULL, 99, 'siswa', NULL, 123456, '2022-08-19 08:25:40'),
(42, 3, 26, 10795, 'HAPSARI TRIWULANDARI', NULL, 100, 'siswa', NULL, 123456, '2022-08-19 08:25:41'),
(43, 3, 26, 10796, 'HELEN FLORENZ BARUS', NULL, 100, 'siswa', NULL, 123456, '2022-08-19 08:25:42'),
(44, 3, 26, 10797, 'INTAN SILVIANA', NULL, 98, 'siswa', NULL, 123456, '2022-08-19 08:25:43'),
(45, 3, 26, 10762, 'IRSALINA', NULL, 99, 'siswa', NULL, 123456, '2022-08-19 08:25:44'),
(46, 3, 26, 10798, 'ISTIAZAH DAFFA NUR ALAM', NULL, 99, 'siswa', NULL, 123456, '2022-08-19 08:25:45'),
(47, 3, 26, 10799, 'ISTIQOMAH OKTAVIANI', NULL, 100, 'siswa', NULL, 123456, '2022-08-19 08:25:46'),
(48, 3, 26, 10800, 'KELVIN JOSHUA FRANSISKUS', NULL, 100, 'siswa', NULL, 123456, '2022-08-19 08:25:47'),
(49, 3, 26, 10801, 'KHARISMA NUR HALISA', NULL, 99, 'siswa', NULL, 123456, '2022-08-19 08:25:48'),
(50, 3, 26, 10802, 'KRIBLESITA TESA KARIRA ELIAS', NULL, 100, 'siswa', NULL, 123456, '2022-08-19 08:25:49'),
(51, 3, 26, 10803, 'LEDY PUTRI PRATAMA', NULL, 100, 'siswa', NULL, 123456, '2022-08-19 08:25:50'),
(52, 3, 26, 10804, 'MASSAYU DWI ARYANI', NULL, 100, 'siswa', NULL, 123456, '2022-08-19 08:25:51'),
(53, 3, 26, 11253, 'MUAHAMMAD ALFIAN RAMADHAN', NULL, 96, 'siswa', NULL, 123456, '2022-08-19 08:25:52'),
(54, 3, 26, 10805, 'MUHAMMAD RIZKI', NULL, 99, 'siswa', NULL, 123456, '2022-08-19 08:25:53'),
(55, 3, 26, 10806, 'NADITA DWI DAMAYANTI', NULL, 100, 'siswa', NULL, 123456, '2022-08-19 08:25:54'),
(56, 3, 26, 10807, 'NADYA FRANSISKA PURBA', NULL, 100, 'siswa', NULL, 123456, '2022-08-19 08:25:55'),
(57, 3, 26, 11254, 'NA\'ILA KARTIKA', NULL, 100, 'siswa', NULL, 123456, '2022-08-19 08:25:56'),
(58, 3, 26, 11255, 'NAILAH ULIMA YANSYAH', NULL, 99, 'siswa', NULL, 123456, '2022-08-19 08:25:57'),
(59, 3, 26, 10809, 'NUR HAKIM', NULL, 100, 'siswa', NULL, 123456, '2022-08-19 08:25:58'),
(60, 3, 26, 10810, 'NURHALIMAH', NULL, 100, 'siswa', NULL, 123456, '2022-08-19 08:25:59'),
(61, 3, 26, 10811, 'REVALINA AZAHRA PRINAWAN', NULL, 100, 'siswa', NULL, 123456, '2022-08-19 08:25:60'),
(62, 3, 26, 10812, 'RIA ANGELINA GULTOM', NULL, 99, 'siswa', NULL, 123456, '2022-08-19 08:25:61'),
(63, 3, 26, 10813, 'RUCHUL JIHAD ALFARISY', NULL, 100, 'siswa', NULL, 123456, '2022-08-19 08:25:62'),
(64, 3, 26, 10814, 'SALSABILA FITRI', NULL, 100, 'siswa', NULL, 123456, '2022-08-19 08:25:63'),
(65, 3, 26, 10816, 'SITI NURJANAH', NULL, 100, 'siswa', NULL, 123456, '2022-08-19 08:25:64'),
(66, 3, 26, 10817, 'SYARLA IMELIA AJIZAH PUTRI', NULL, 100, 'siswa', NULL, 123456, '2022-08-19 08:25:65'),
(67, 3, 26, 10818, 'TIARA HANIFA', NULL, 100, 'siswa', NULL, 123456, '2022-08-19 08:25:66'),
(68, 3, 26, 10819, 'VIKTO MARIFATULLOH', NULL, 99, 'siswa', NULL, 123456, '2022-08-19 08:25:67'),
(69, 3, 26, 10820, 'YENI PURNAMASARI', NULL, 99, 'siswa', NULL, 123456, '2022-08-19 08:25:68'),
(70, 3, 31, 10822, 'ANISA NURAENI', NULL, 100, 'siswa', NULL, 123456, '2022-08-19 08:25:69'),
(71, 3, 31, 10823, 'ARTA ULY BR NAINGGOLAN', NULL, 97, 'siswa', NULL, 123456, '2022-08-19 08:25:70'),
(72, 3, 31, 10824, 'ARZETY ARTIKA HERAWATI', NULL, 100, 'siswa', NULL, 123456, '2022-08-19 08:25:71'),
(73, 3, 31, 10825, 'AULIA MISBAH SAGITA', NULL, 100, 'siswa', NULL, 123456, '2022-08-19 08:25:72'),
(74, 3, 31, 10826, 'AURA BINTANG AZZAHRA', NULL, 99, 'siswa', NULL, 123456, '2022-08-19 08:25:73'),
(75, 3, 31, 10827, 'AYU SAFITRI', NULL, 100, 'siswa', NULL, 123456, '2022-08-19 08:25:74'),
(76, 3, 31, 10828, 'AZHARI MARDIANSYAH', NULL, 100, 'siswa', NULL, 123456, '2022-08-19 08:25:75'),
(77, 3, 31, 10829, 'CINDI NUR\'AINI', NULL, 100, 'siswa', NULL, 123456, '2022-08-19 08:25:76'),
(78, 3, 31, 10830, 'DAYANAH LAILA AZ-ZAHRA', NULL, 100, 'siswa', NULL, 123456, '2022-08-19 08:25:77'),
(79, 3, 31, 10831, 'DERRY PRIMA RAMADHAN', NULL, 100, 'siswa', NULL, 123456, '2022-08-19 08:25:78'),
(80, 3, 31, 10832, 'ELFRIDA PADMARINI', NULL, 100, 'siswa', NULL, 123456, '2022-08-19 08:25:79'),
(81, 3, 31, 10833, 'ERLINA AFIANTI', NULL, 100, 'siswa', NULL, 123456, '2022-08-19 08:25:80'),
(82, 3, 31, 10834, 'EVI APRIYANTI', NULL, 100, 'siswa', NULL, 123456, '2022-08-19 08:25:81'),
(83, 3, 31, 10835, 'FACHRUL', NULL, 99, 'siswa', NULL, 123456, '2022-08-19 08:25:82'),
(84, 3, 31, 10836, 'FELISIANA FIKASARI', NULL, 100, 'siswa', NULL, 123456, '2022-08-19 08:25:83'),
(85, 3, 31, 10838, 'GHEA SUCI CHAYANI', NULL, 100, 'siswa', NULL, 123456, '2022-08-19 08:25:84'),
(86, 3, 31, 10839, 'GLORY FILICIA MANURUNG', NULL, 98, 'siswa', NULL, 123456, '2022-08-19 08:25:85'),
(87, 3, 31, 10840, 'ILHAM BAGAS SATRIO', NULL, 100, 'siswa', NULL, 123456, '2022-08-19 08:25:86'),
(88, 3, 31, 10841, 'JUNITA AGNESIA', NULL, 100, 'siswa', NULL, 123456, '2022-08-19 08:25:87'),
(89, 3, 31, 10843, 'NAJAR MAULANA', NULL, 98, 'siswa', NULL, 123456, '2022-08-19 08:25:88'),
(90, 3, 31, 10844, 'NAZWA PUTRI PARASHATI', NULL, 99, 'siswa', NULL, 123456, '2022-08-19 08:25:89'),
(91, 3, 31, 10845, 'NUR NISWATUN KHASANAH', NULL, 99, 'siswa', NULL, 123456, '2022-08-19 08:25:90'),
(92, 3, 31, 10846, 'NURSABILAH', NULL, 98, 'siswa', NULL, 123456, '2022-08-19 08:25:91'),
(93, 3, 31, 10847, 'RAMADHANI ZARLEN', NULL, 100, 'siswa', NULL, 123456, '2022-08-19 08:25:92'),
(94, 3, 31, 10848, 'RASTRI CUCU OCTAVINDY', NULL, 99, 'siswa', NULL, 123456, '2022-08-19 08:25:93'),
(95, 3, 31, 10849, 'RICO PRATUSILO', NULL, 100, 'siswa', NULL, 123456, '2022-08-19 08:25:94'),
(96, 3, 31, 10631, 'SAPUTRA RONALDO', NULL, 97, 'siswa', NULL, 123456, '2022-08-19 08:25:95'),
(97, 3, 31, 10850, 'SARAH APRILYA', NULL, 100, 'siswa', NULL, 123456, '2022-08-19 08:25:96'),
(98, 3, 31, 10851, 'SELVY NAIRA SYAFNA', NULL, 100, 'siswa', NULL, 123456, '2022-08-19 08:25:97'),
(99, 3, 31, 10852, 'SISKA OKTAVIYAH', NULL, 99, 'siswa', NULL, 123456, '2022-08-19 08:25:98'),
(100, 3, 31, 10853, 'SITI NURHALISAH', NULL, 97, 'siswa', NULL, 123456, '2022-08-19 08:25:99'),
(101, 3, 31, 10854, 'TANIA', NULL, 100, 'siswa', NULL, 123456, '2022-08-19 08:25:100'),
(102, 3, 31, 10855, 'YENI ANGGRAINI', NULL, 100, 'siswa', NULL, 123456, '2022-08-19 08:25:101'),
(103, 3, 31, 10856, 'YULANDA APRILIANA', NULL, 100, 'siswa', NULL, 123456, '2022-08-19 08:25:102'),
(104, 3, 28, 10893, 'ALFIANA PERMATA SHOLEHA', NULL, 99, 'siswa', NULL, 123456, '2022-08-19 08:25:103'),
(105, 3, 28, 10894, 'ALYA ZAHRA SYADIA', NULL, 99, 'siswa', NULL, 123456, '2022-08-19 08:25:104'),
(106, 3, 28, 10895, 'ANDRE SAPUTRA', NULL, 100, 'siswa', NULL, 123456, '2022-08-19 08:25:105'),
(107, 3, 28, 10896, 'ANGELINA RAHIMA RAHMAN', NULL, 100, 'siswa', NULL, 123456, '2022-08-19 08:25:106'),
(108, 3, 28, 10897, 'ANNISA NASUTION', NULL, 97, 'siswa', NULL, 123456, '2022-08-19 08:25:107'),
(109, 3, 28, 10898, 'AUREL JESSIE MANUELA ARITONANG', NULL, 99, 'siswa', NULL, 123456, '2022-08-19 08:25:108'),
(110, 3, 28, 11006, 'CAHYA AMELIA', NULL, 98, 'siswa', NULL, 123456, '2022-08-19 08:25:109'),
(111, 3, 28, 10899, 'CLARA SURYANINGSIH CHANDRA', NULL, 100, 'siswa', NULL, 123456, '2022-08-19 08:25:110'),
(112, 3, 28, 11007, 'CRISTINE EUNIKE SIBUEA', NULL, 99, 'siswa', NULL, 123456, '2022-08-19 08:25:111'),
(113, 3, 28, 10900, 'CUT SABENA ATIKA', NULL, 100, 'siswa', NULL, 123456, '2022-08-19 08:25:112'),
(114, 3, 28, 10901, 'DESTRIYANA', NULL, 100, 'siswa', NULL, 123456, '2022-08-19 08:25:113'),
(115, 3, 28, 10902, 'ELFRIDA NATANIA MEOKO', NULL, 100, 'siswa', NULL, 123456, '2022-08-19 08:25:114'),
(116, 3, 28, 10903, 'FARAH RATNA KUSUMA', NULL, 100, 'siswa', NULL, 123456, '2022-08-19 08:25:115'),
(117, 3, 28, 10904, 'FATIMAH MAKOM MAHMUDA', NULL, 100, 'siswa', NULL, 123456, '2022-08-19 08:25:116'),
(118, 3, 28, 10905, 'FRISCA AMELIA ATMAJA', NULL, 100, 'siswa', NULL, 123456, '2022-08-19 08:25:117'),
(119, 3, 28, 10907, 'HAWA YUNITA', NULL, 100, 'siswa', NULL, 123456, '2022-08-19 08:25:118'),
(120, 3, 28, 10908, 'HIDAYATINNISA', NULL, 100, 'siswa', NULL, 123456, '2022-08-19 08:25:119'),
(121, 3, 28, 10909, 'HOSNA', NULL, 100, 'siswa', NULL, 123456, '2022-08-19 08:25:120'),
(122, 3, 28, 10910, 'IZZATINNISA', NULL, 100, 'siswa', NULL, 123456, '2022-08-19 08:25:121'),
(123, 3, 28, 10912, 'JEANEAWATI SHINTA DEWI', NULL, 100, 'siswa', NULL, 123456, '2022-08-19 08:25:122'),
(124, 3, 28, 10913, 'LUTFI IKHWAN FIRDAUS', NULL, 100, 'siswa', NULL, 123456, '2022-08-19 08:25:123'),
(125, 3, 28, 10915, 'MOCHAMMAD FERNANDA', NULL, 100, 'siswa', NULL, 123456, '2022-08-19 08:25:124'),
(126, 3, 28, 10916, 'NAZWA SYAUQINA', NULL, 100, 'siswa', NULL, 123456, '2022-08-19 08:25:125'),
(127, 3, 28, 10919, 'RIFA ALIFIA', NULL, 100, 'siswa', NULL, 123456, '2022-08-19 08:25:126'),
(128, 3, 28, 11008, 'RINJANI PURNAMA PUTRI', NULL, 100, 'siswa', NULL, 123456, '2022-08-19 08:25:127'),
(129, 3, 28, 10920, 'RISKAH FEBRIYANTI PUTRI', NULL, 100, 'siswa', NULL, 123456, '2022-08-19 08:25:128'),
(130, 3, 28, 10921, 'SA`ADIYAH', NULL, 100, 'siswa', NULL, 123456, '2022-08-19 08:25:129'),
(131, 3, 28, 10922, 'SALSABILA SABRINA PUTRI', NULL, 100, 'siswa', NULL, 123456, '2022-08-19 08:25:130'),
(132, 3, 28, 10923, 'SEKAR ADELIYA PUTRI', NULL, 100, 'siswa', NULL, 123456, '2022-08-19 08:25:131'),
(133, 3, 28, 10924, 'SHELA VARENTINA', NULL, 100, 'siswa', NULL, 123456, '2022-08-19 08:25:132'),
(134, 3, 28, 11256, 'SULTON MAULANA IZA', NULL, 100, 'siswa', NULL, 123456, '2022-08-19 08:25:133'),
(135, 3, 28, 10925, 'TIEFANNY', NULL, 100, 'siswa', NULL, 123456, '2022-08-19 08:25:134'),
(136, 3, 28, 10926, 'TRI SURYANINGSIH', NULL, 100, 'siswa', NULL, 123456, '2022-08-19 08:25:135'),
(137, 3, 28, 10927, 'VALDA WANOZA', NULL, 100, 'siswa', NULL, 123456, '2022-08-19 08:25:136'),
(138, 3, 29, 10930, 'ANGELINE WIRA ROSSALINAH', NULL, 100, 'siswa', NULL, 123456, '2022-08-19 08:25:137'),
(139, 3, 29, 10932, 'AZIZA RAMADHANI', NULL, 100, 'siswa', NULL, 123456, '2022-08-19 08:25:138'),
(140, 3, 29, 10933, 'BULAN DWI CAHYANI', NULL, 100, 'siswa', NULL, 123456, '2022-08-19 08:25:139'),
(141, 3, 29, 10934, 'CINTA PUTRI SALEHA', NULL, 100, 'siswa', NULL, 123456, '2022-08-19 08:25:140'),
(142, 3, 29, 10935, 'DEVI SIHANTUVI', NULL, 100, 'siswa', NULL, 123456, '2022-08-19 08:25:141'),
(143, 3, 29, 11257, 'DIVANY HANA ZAHRA', NULL, 100, 'siswa', NULL, 123456, '2022-08-19 08:25:142'),
(144, 3, 29, 11009, 'FANNISA ZUKHRUFA IRFIANI', NULL, 100, 'siswa', NULL, 123456, '2022-08-19 08:25:143'),
(145, 3, 29, 10938, 'FATIMAH AZZAHRA', NULL, 100, 'siswa', NULL, 123456, '2022-08-19 08:25:144'),
(146, 3, 29, 10939, 'FRISHELA IRDANIYAH AZHAR', NULL, 100, 'siswa', NULL, 123456, '2022-08-19 08:25:145'),
(147, 3, 29, 11010, 'GHEFIRA AURELIA AZZAHRA', NULL, 100, 'siswa', NULL, 123456, '2022-08-19 08:25:146'),
(148, 3, 29, 10940, 'HALIMATUL LATHIFAH', NULL, 100, 'siswa', NULL, 123456, '2022-08-19 08:25:147'),
(149, 3, 29, 10941, 'HANA SAFIRA', NULL, 100, 'siswa', NULL, 123456, '2022-08-19 08:25:148'),
(150, 3, 29, 10942, 'HILDA MUFTIHATUL AULIA', NULL, 100, 'siswa', NULL, 123456, '2022-08-19 08:25:149'),
(151, 3, 29, 10943, 'HILDA SALBILAH', NULL, 100, 'siswa', NULL, 123456, '2022-08-19 08:25:150'),
(152, 3, 29, 10944, 'JAMIATUN HODIJAH', NULL, 100, 'siswa', NULL, 123456, '2022-08-19 08:25:151'),
(153, 3, 29, 10945, 'MELINDA RACHMAWATI', NULL, 100, 'siswa', NULL, 123456, '2022-08-19 08:25:152'),
(154, 3, 29, 10946, 'MIFTA KHULHUSNA', NULL, 100, 'siswa', NULL, 123456, '2022-08-19 08:25:153'),
(155, 3, 29, 10947, 'MITA AULIA DINICA', NULL, 100, 'siswa', NULL, 123456, '2022-08-19 08:25:154'),
(156, 3, 29, 11011, 'MUHAMMAD YUSUF MUNAWAR SADAT', NULL, 100, 'siswa', NULL, 123456, '2022-08-19 08:25:155'),
(157, 3, 29, 10948, 'NABILA MARDIANA S', NULL, 100, 'siswa', NULL, 123456, '2022-08-19 08:25:156'),
(158, 3, 29, 10949, 'NAILAH RAESYAH', NULL, 100, 'siswa', NULL, 123456, '2022-08-19 08:25:157'),
(159, 3, 29, 10950, 'NATASYA STEVANI GABRIELLE TINENDENG', NULL, 100, 'siswa', NULL, 123456, '2022-08-19 08:25:158'),
(160, 3, 29, 10951, 'NAYRA PERMATA SADHIVA', NULL, 100, 'siswa', NULL, 123456, '2022-08-19 08:25:159'),
(161, 3, 29, 10952, 'NILAM MUTIARA CAHAYANI', NULL, 100, 'siswa', NULL, 123456, '2022-08-19 08:25:160'),
(162, 3, 29, 10953, 'NISA DWI JULIANI', NULL, 100, 'siswa', NULL, 123456, '2022-08-19 08:25:161'),
(163, 3, 29, 10954, 'NURHALIZA OKTAVIANI', NULL, 100, 'siswa', NULL, 123456, '2022-08-19 08:25:162'),
(164, 3, 29, 10955, 'RAFIDA TASYA ANANDADILA', NULL, 100, 'siswa', NULL, 123456, '2022-08-19 08:25:163'),
(165, 3, 29, 10956, 'RAHMAWATI ALIPIA ZAHRA', NULL, 100, 'siswa', NULL, 123456, '2022-08-19 08:25:164'),
(166, 3, 29, 10957, 'SEROJA PUTRI KARTIKA', NULL, 100, 'siswa', NULL, 123456, '2022-08-19 08:25:165'),
(167, 3, 29, 10958, 'SUSANI', NULL, 100, 'siswa', NULL, 123456, '2022-08-19 08:25:166'),
(168, 3, 29, 10959, 'SYIFA AZZAHRA ALAM PUTRI', NULL, 100, 'siswa', NULL, 123456, '2022-08-19 08:25:167'),
(169, 3, 29, 10960, 'TRI UTAMI YANTI', NULL, 100, 'siswa', NULL, 123456, '2022-08-19 08:25:168'),
(170, 3, 29, 10961, 'ULWA YULIA HAFSOH', NULL, 100, 'siswa', NULL, 123456, '2022-08-19 08:25:169'),
(171, 3, 29, 10962, 'VANIA PUTRI KHAIRUNISA', NULL, 100, 'siswa', NULL, 123456, '2022-08-19 08:25:170'),
(172, 3, 34, 10964, 'AKHIRA KUSUMASTUTI', NULL, 99, 'siswa', NULL, 123456, '2022-08-19 08:25:171'),
(173, 3, 34, 10965, 'ALBERT CHRISTIAN DARWIN', NULL, 98, 'siswa', NULL, 123456, '2022-08-19 08:25:172'),
(174, 3, 34, 10966, 'ALVARO MUYASSAR', NULL, 100, 'siswa', NULL, 123456, '2022-08-19 08:25:173'),
(175, 3, 34, 10968, 'ANDRYAN SAPUTRA', NULL, 100, 'siswa', NULL, 123456, '2022-08-19 08:25:174'),
(176, 3, 34, 11258, 'ARDI PRATOMO', NULL, 100, 'siswa', NULL, 123456, '2022-08-19 08:25:175'),
(177, 3, 34, 10969, 'ARIF AMMAR SYA`BANI', NULL, 100, 'siswa', NULL, 123456, '2022-08-19 08:25:176'),
(178, 3, 34, 10970, 'BAYU PERMANA', NULL, 100, 'siswa', NULL, 123456, '2022-08-19 08:25:177'),
(179, 3, 34, 10971, 'DAFA MAULANA', NULL, 100, 'siswa', NULL, 123456, '2022-08-19 08:25:178'),
(180, 3, 34, 10972, 'DAVID SAM LIMBONG', NULL, 100, 'siswa', NULL, 123456, '2022-08-19 08:25:179'),
(181, 3, 34, 10973, 'DENNIS MONTERO PANKRATOV', NULL, 100, 'siswa', NULL, 123456, '2022-08-19 08:25:180'),
(182, 3, 34, 10974, 'EKKY FEBRIAN', NULL, 100, 'siswa', NULL, 123456, '2022-08-19 08:25:181'),
(183, 3, 34, 10975, 'FACHRI PRATAMA SUNARTO', NULL, 100, 'siswa', NULL, 123456, '2022-08-19 08:25:182'),
(184, 3, 34, 10976, 'FAJRI ABABIL PAWA', NULL, 100, 'siswa', NULL, 123456, '2022-08-19 08:25:183'),
(185, 3, 34, 10977, 'GALLIANO', NULL, 100, 'siswa', NULL, 123456, '2022-08-19 08:25:184'),
(186, 3, 34, 10979, 'KHAYLIA PUSPITA ANJANI', NULL, 100, 'siswa', NULL, 123456, '2022-08-19 08:25:185'),
(187, 3, 34, 10980, 'KIRAN SHABRINA', NULL, 100, 'siswa', NULL, 123456, '2022-08-19 08:25:186'),
(188, 3, 34, 10981, 'MOCHAMMAD FARHAN ARYASUTA', NULL, 100, 'siswa', NULL, 123456, '2022-08-19 08:25:187'),
(189, 3, 34, 10982, 'MUHAMMAD ARYA FAIQ', NULL, 100, 'siswa', NULL, 123456, '2022-08-19 08:25:188'),
(190, 3, 34, 10983, 'MUHAMMAD GIFFARY', NULL, 100, 'siswa', NULL, 123456, '2022-08-19 08:25:189'),
(191, 3, 34, 10985, 'MUHAMMAD RIZAL ANDITAMA NUGRAHA', NULL, 100, 'siswa', NULL, 123456, '2022-08-19 08:25:190'),
(192, 3, 34, 10987, 'MUKHAMMAD MAULANA M IBRAHIM', NULL, 100, 'siswa', NULL, 123456, '2022-08-19 08:25:191'),
(193, 3, 34, 10988, 'NAJLA DAMAYANTI', NULL, 100, 'siswa', NULL, 123456, '2022-08-19 08:25:192'),
(194, 3, 34, 10990, 'REKHA SAFIRA', NULL, 100, 'siswa', NULL, 123456, '2022-08-19 08:25:193'),
(195, 3, 34, 10991, 'RIFKI AKBAR', NULL, 100, 'siswa', NULL, 123456, '2022-08-19 08:25:194'),
(196, 3, 34, 10992, 'SALISHA SAFA NIKMAH', NULL, 100, 'siswa', NULL, 123456, '2022-08-19 08:25:195'),
(197, 3, 34, 10993, 'SANDI PERMANA', NULL, 100, 'siswa', NULL, 123456, '2022-08-19 08:25:196'),
(198, 3, 34, 10996, 'YAKOBUS ARDOTA', NULL, 100, 'siswa', NULL, 123456, '2022-08-19 08:25:197'),
(199, 3, 34, 10997, 'ZAHRA NASYWA ZAIN', NULL, 100, 'siswa', NULL, 123456, '2022-08-19 08:25:198'),
(200, 3, 34, 10998, 'ZIKRA FADLILAH ALDA', NULL, 100, 'siswa', NULL, 123456, '2022-08-19 08:25:199'),
(201, 2, 13, 11012, 'ABDUL RAHMAN', NULL, 100, 'siswa', NULL, 123456, '2022-08-19 08:25:200'),
(202, 2, 13, 11013, 'ALFIA NABILA PUTRI', NULL, 100, 'siswa', NULL, 123456, '2022-08-19 08:25:201'),
(203, 2, 13, 11014, 'ANDREA TEVY LITUHAYU LAMA DUA', NULL, 100, 'siswa', NULL, 123456, '2022-08-19 08:25:202'),
(204, 2, 13, 11015, 'ARTA GABRIELA', NULL, 100, 'siswa', NULL, 123456, '2022-08-19 08:25:203'),
(205, 2, 13, 10750, 'BUNGA DAMAYANTI', NULL, 100, 'siswa', NULL, 123456, '2022-08-19 08:25:204'),
(206, 2, 13, 11016, 'CHELSEA OLIVIA SINURAT', NULL, 100, 'siswa', NULL, 123456, '2022-08-19 08:25:205'),
(207, 2, 13, 11017, 'DESTA TRI ANDINI', NULL, 100, 'siswa', NULL, 123456, '2022-08-19 08:25:206'),
(208, 2, 13, 11018, 'DWI NOVIANTI', NULL, 100, 'siswa', NULL, 123456, '2022-08-19 08:25:207'),
(209, 2, 13, 11019, 'ELZA TRI WAHYUNI', NULL, 100, 'siswa', NULL, 123456, '2022-08-19 08:25:208'),
(210, 2, 13, 11020, 'FATIMAH AZZAHRA', NULL, 100, 'siswa', NULL, 123456, '2022-08-19 08:25:209'),
(211, 2, 13, 11021, 'FITRI AULIA', NULL, 100, 'siswa', NULL, 123456, '2022-08-19 08:25:210'),
(212, 2, 13, 11022, 'FITRI AYU SABILA', NULL, 100, 'siswa', NULL, 123456, '2022-08-19 08:25:211'),
(213, 2, 13, 11260, 'HESTI HERAWATI', NULL, 100, 'siswa', NULL, 123456, '2022-08-19 08:25:212'),
(214, 2, 13, 11023, 'KURROTUL AINI', NULL, 100, 'siswa', NULL, 123456, '2022-08-19 08:25:213'),
(215, 2, 13, 11024, 'LIA FEBRI YANI', NULL, 100, 'siswa', NULL, 123456, '2022-08-19 08:25:214'),
(216, 2, 13, 11025, 'M. ABFATHIR AMARUDIN', NULL, 100, 'siswa', NULL, 123456, '2022-08-19 08:25:215'),
(217, 2, 13, 11026, 'MAYZA NUSA BILLA', NULL, 100, 'siswa', NULL, 123456, '2022-08-19 08:25:216'),
(218, 2, 13, 11027, 'MINARTI', NULL, 100, 'siswa', NULL, 123456, '2022-08-19 08:25:217'),
(219, 2, 13, 11028, 'NABILA ZEINI', NULL, 100, 'siswa', NULL, 123456, '2022-08-19 08:25:218'),
(220, 2, 13, 11029, 'NAFRA FAUZIAH AMANDA', NULL, 100, 'siswa', NULL, 123456, '2022-08-19 08:25:219'),
(221, 2, 13, 10808, 'NAJMAH RATU AULYA', NULL, 100, 'siswa', NULL, 123456, '2022-08-19 08:25:220'),
(222, 2, 13, 11030, 'NAZWATU RAHMA', NULL, 100, 'siswa', NULL, 123456, '2022-08-19 08:25:221'),
(223, 2, 13, 11031, 'NILAM SARI', NULL, 100, 'siswa', NULL, 123456, '2022-08-19 08:25:222'),
(224, 2, 13, 11032, 'NUR AINI', NULL, 100, 'siswa', NULL, 123456, '2022-08-19 08:25:223'),
(225, 2, 13, 11033, 'OKTAVIARA PRIYALINGGA', NULL, 100, 'siswa', NULL, 123456, '2022-08-19 08:25:224'),
(226, 2, 13, 11034, 'RISMAH DWI UTAMI', NULL, 100, 'siswa', NULL, 123456, '2022-08-19 08:25:225'),
(227, 2, 13, 11261, 'ROHMAT AL QODRI', NULL, 100, 'siswa', NULL, 123456, '2022-08-19 08:25:226'),
(228, 2, 13, 11035, 'ROSITA', NULL, 100, 'siswa', NULL, 123456, '2022-08-19 08:25:227'),
(229, 2, 13, 11036, 'SARI AFRILIAN PUTRIE ARDIANI', NULL, 100, 'siswa', NULL, 123456, '2022-08-19 08:25:228'),
(230, 2, 13, 11037, 'SELLA APRILLIA', NULL, 100, 'siswa', NULL, 123456, '2022-08-19 08:25:229'),
(231, 2, 13, 11038, 'SHERLY ULIANTY', NULL, 100, 'siswa', NULL, 123456, '2022-08-19 08:25:230'),
(232, 2, 13, 11039, 'SINTIA SARI', NULL, 100, 'siswa', NULL, 123456, '2022-08-19 08:25:231'),
(233, 2, 13, 11041, 'SUSI INDRAYANI', NULL, 100, 'siswa', NULL, 123456, '2022-08-19 08:25:232'),
(234, 2, 13, 11042, 'TAZKIA FADILAH', NULL, 100, 'siswa', NULL, 123456, '2022-08-19 08:25:233'),
(235, 2, 13, 11043, 'VINA NATASHA LESTARI', NULL, 100, 'siswa', NULL, 123456, '2022-08-19 08:25:234'),
(236, 2, 13, 11044, 'VITA AMELIA PUTRI', NULL, 100, 'siswa', NULL, 123456, '2022-08-19 08:25:235'),
(237, 2, 14, 11046, 'AISYAH ANANDA TRI AMALIA', NULL, 100, 'siswa', NULL, 123456, '2022-08-19 08:25:236'),
(238, 2, 14, 11047, 'ALYA ERIKA', NULL, 100, 'siswa', NULL, 123456, '2022-08-19 08:25:237'),
(239, 2, 14, 11048, 'ANNISAH AZZAHRA', NULL, 100, 'siswa', NULL, 123456, '2022-08-19 08:25:238'),
(240, 2, 14, 11049, 'CAMELIA RIPAHMA', NULL, 100, 'siswa', NULL, 123456, '2022-08-19 08:25:239'),
(241, 2, 14, 11050, 'DEA ANANDA', NULL, 100, 'siswa', NULL, 123456, '2022-08-19 08:25:240'),
(242, 2, 14, 11051, 'DIRA FEBRIYANTI', NULL, 100, 'siswa', NULL, 123456, '2022-08-19 08:25:241'),
(243, 2, 14, 11052, 'DWI UTIYA RESTUHANI', NULL, 100, 'siswa', NULL, 123456, '2022-08-19 08:25:242'),
(244, 2, 14, 11053, 'FADHILAH NUR RAMADHANI', NULL, 100, 'siswa', NULL, 123456, '2022-08-19 08:25:243'),
(245, 2, 14, 11054, 'FEBRYANA ZUMAL', NULL, 100, 'siswa', NULL, 123456, '2022-08-19 08:25:244'),
(246, 2, 14, 11055, 'FITRI AYU NINGRUM', NULL, 100, 'siswa', NULL, 123456, '2022-08-19 08:25:245'),
(247, 2, 14, 11056, 'HANIFAH ADAWIYAH', NULL, 100, 'siswa', NULL, 123456, '2022-08-19 08:25:246'),
(248, 2, 14, 11057, 'LARISSA AKILAH FEBRIANE', NULL, 100, 'siswa', NULL, 123456, '2022-08-19 08:25:247'),
(249, 2, 14, 11058, 'LIDYA EKA PUTRI', NULL, 100, 'siswa', NULL, 123456, '2022-08-19 08:25:248'),
(250, 2, 14, 11059, 'MAURIZKIANI PUTRI AZ-ZAHRA', NULL, 100, 'siswa', NULL, 123456, '2022-08-19 08:25:249'),
(251, 2, 14, 11060, 'MEYLANI PUTRI ALIANSYAH', NULL, 100, 'siswa', NULL, 123456, '2022-08-19 08:25:250'),
(252, 2, 14, 11061, 'MUTHIA CHAERUNNISA', NULL, 100, 'siswa', NULL, 123456, '2022-08-19 08:25:251'),
(253, 2, 14, 11062, 'NADILLA ANANDA', NULL, 100, 'siswa', NULL, 123456, '2022-08-19 08:25:252'),
(254, 2, 14, 11063, 'NAZWA KEISYA MAULIDI', NULL, 100, 'siswa', NULL, 123456, '2022-08-19 08:25:253'),
(255, 2, 14, 11064, 'NEISYA AULIA FAJARI', NULL, 100, 'siswa', NULL, 123456, '2022-08-19 08:25:254'),
(256, 2, 14, 11065, 'NOVA NURLITA', NULL, 100, 'siswa', NULL, 123456, '2022-08-19 08:25:255'),
(257, 2, 14, 11066, 'NURJIHAN AULIANI', NULL, 100, 'siswa', NULL, 123456, '2022-08-19 08:25:256'),
(258, 2, 14, 11262, 'NURUL MUSLIMAH', NULL, 100, 'siswa', NULL, 123456, '2022-08-19 08:25:257'),
(259, 2, 14, 11067, 'RAFLI RIDWANSYAH', NULL, 100, 'siswa', NULL, 123456, '2022-08-19 08:25:258'),
(260, 2, 14, 11068, 'ROBIATUL ADAWIYAH', NULL, 100, 'siswa', NULL, 123456, '2022-08-19 08:25:259'),
(261, 2, 14, 11070, 'SARI FATMAWATI', NULL, 100, 'siswa', NULL, 123456, '2022-08-19 08:25:260'),
(262, 2, 14, 11071, 'SHAKIRA NOVIANTI', NULL, 100, 'siswa', NULL, 123456, '2022-08-19 08:25:261'),
(263, 2, 14, 11072, 'SIFA LAILIYAH', NULL, 100, 'siswa', NULL, 123456, '2022-08-19 08:25:262'),
(264, 2, 14, 11073, 'SITI AISYAH', NULL, 100, 'siswa', NULL, 123456, '2022-08-19 08:25:263'),
(265, 2, 14, 11074, 'SONI ARDIANSYAH', NULL, 100, 'siswa', NULL, 123456, '2022-08-19 08:25:264'),
(266, 2, 14, 11075, 'SYIFA AULIA AZZAHRA', NULL, 100, 'siswa', NULL, 123456, '2022-08-19 08:25:265'),
(267, 2, 14, 11076, 'THAHARA SAFITRI', NULL, 100, 'siswa', NULL, 123456, '2022-08-19 08:25:266'),
(268, 2, 14, 11077, 'VIRLIANA SALSABILA PUTRI', NULL, 100, 'siswa', NULL, 123456, '2022-08-19 08:25:267'),
(269, 2, 14, 11078, 'WIKANTI KROIS', NULL, 100, 'siswa', NULL, 123456, '2022-08-19 08:25:268'),
(270, 2, 14, 11079, 'ZAHRA RAMADHANI', NULL, 100, 'siswa', NULL, 123456, '2022-08-19 08:25:269'),
(271, 2, 19, 11337, 'ADELIA PUTRI LESTARI', NULL, 100, 'siswa', NULL, 123456, '2022-08-19 08:25:270'),
(272, 2, 19, 11338, 'AKSIYAH ASY SYAMIATUZ ZAHRAH', NULL, 100, 'siswa', NULL, 123456, '2022-08-19 08:25:271'),
(273, 2, 19, 11339, 'ARDIANTI', NULL, 100, 'siswa', NULL, 123456, '2022-08-19 08:25:272'),
(274, 2, 19, 11340, 'AUDIAH ZABRINA', NULL, 100, 'siswa', NULL, 123456, '2022-08-19 08:25:273'),
(275, 2, 19, 11341, 'CYNARA ARISTAWIDYA RIADY', NULL, 100, 'siswa', NULL, 123456, '2022-08-19 08:25:274'),
(276, 2, 19, 11342, 'DAHNIAR PARAMITHA', NULL, 100, 'siswa', NULL, 123456, '2022-08-19 08:25:275'),
(277, 2, 19, 11343, 'DENI SANTO SATOINONG', NULL, 100, 'siswa', NULL, 123456, '2022-08-19 08:25:276'),
(278, 2, 19, 11344, 'DESTY PRAYATMAN', NULL, 100, 'siswa', NULL, 123456, '2022-08-19 08:25:277'),
(279, 2, 19, 11345, 'DEVALLY OCTAVIALLY VENEZUELLA', NULL, 100, 'siswa', NULL, 123456, '2022-08-19 08:25:278'),
(280, 2, 19, 11346, 'DIDAN AHMAD', NULL, 100, 'siswa', NULL, 123456, '2022-08-19 08:25:279'),
(281, 2, 19, 11347, 'DWI SEKAR LISTIYANI', NULL, 100, 'siswa', NULL, 123456, '2022-08-19 08:25:280'),
(282, 2, 19, 11348, 'FIRA APRILIA VISTA', NULL, 100, 'siswa', NULL, 123456, '2022-08-19 08:25:281'),
(283, 2, 19, 11349, 'FITRI WULANDARI', NULL, 100, 'siswa', NULL, 123456, '2022-08-19 08:25:282'),
(284, 2, 19, 11350, 'HERDIANA', NULL, 100, 'siswa', NULL, 123456, '2022-08-19 08:25:283'),
(285, 2, 19, 11351, 'KARLA CINTA PUTRI OCKTAVIAN', NULL, 100, 'siswa', NULL, 123456, '2022-08-19 08:25:284'),
(286, 2, 19, 11352, 'KURNIASIH HIDAYAT', NULL, 100, 'siswa', NULL, 123456, '2022-08-19 08:25:285'),
(287, 2, 19, 11353, 'LATIFAH', NULL, 100, 'siswa', NULL, 123456, '2022-08-19 08:25:286'),
(288, 2, 19, 11354, 'MARSYA ALICYA', NULL, 100, 'siswa', NULL, 123456, '2022-08-19 08:25:287'),
(289, 2, 19, 11355, 'MARSYA ZHAFIRAH LIANTI', NULL, 100, 'siswa', NULL, 123456, '2022-08-19 08:25:288'),
(290, 2, 19, 11356, 'NABILA KIRANA', NULL, 100, 'siswa', NULL, 123456, '2022-08-19 08:25:289'),
(291, 2, 19, 11357, 'NA\'ILAH RAISSA SAHDA EFENDI', NULL, 100, 'siswa', NULL, 123456, '2022-08-19 08:25:290'),
(292, 2, 19, 11358, 'NATHANAEL OKTAVIANUS LIMAN PUTRA', NULL, 100, 'siswa', NULL, 123456, '2022-08-19 08:25:291'),
(293, 2, 19, 11359, 'NUR MAYLA', NULL, 100, 'siswa', NULL, 123456, '2022-08-19 08:25:292'),
(294, 2, 19, 11360, 'RABIATUL ADAWIYAH', NULL, 100, 'siswa', NULL, 123456, '2022-08-19 08:25:293'),
(295, 2, 19, 11361, 'RAHMA DINA ALGHIFARI', NULL, 100, 'siswa', NULL, 123456, '2022-08-19 08:25:294'),
(296, 2, 19, 11362, 'REVA NUR FADILAH', NULL, 100, 'siswa', NULL, 123456, '2022-08-19 08:25:295'),
(297, 2, 19, 11363, 'RISCHA NUR SAFANA', NULL, 100, 'siswa', NULL, 123456, '2022-08-19 08:25:296'),
(298, 2, 19, 11364, 'RIZTY YULIANTI', NULL, 100, 'siswa', NULL, 123456, '2022-08-19 08:25:297'),
(299, 2, 19, 11365, 'SABRIL DIMAS SAPUTRA', NULL, 100, 'siswa', NULL, 123456, '2022-08-19 08:25:298'),
(300, 2, 19, 11366, 'SALWA PUTRI RAMADANI', NULL, 100, 'siswa', NULL, 123456, '2022-08-19 08:25:299'),
(301, 2, 19, 11367, 'SHABRINA MULYA', NULL, 100, 'siswa', NULL, 123456, '2022-08-19 08:25:300'),
(302, 2, 19, 11368, 'SHAKILA NAYRA', NULL, 100, 'siswa', NULL, 123456, '2022-08-19 08:25:301'),
(303, 2, 19, 11369, 'SITI IGYA SETIANINGRUM', NULL, 100, 'siswa', NULL, 123456, '2022-08-19 08:25:302'),
(304, 2, 19, 11370, 'SUCI KHAERUNNISA', NULL, 100, 'siswa', NULL, 123456, '2022-08-19 08:25:303'),
(305, 2, 19, 11371, 'VERONICA INRI APRILIANI SIAHAAN', NULL, 100, 'siswa', NULL, 123456, '2022-08-19 08:25:304'),
(306, 2, 19, 11372, 'WINNA AMELIA SAFITRI', NULL, 100, 'siswa', NULL, 123456, '2022-08-19 08:25:305'),
(307, 2, 16, 11116, 'AISYAH DAMAR WULAN SARI', NULL, 100, 'siswa', NULL, 123456, '2022-08-19 08:25:306'),
(308, 2, 16, 11117, 'ALYA PUTRI UTAMI ', NULL, 100, 'siswa', NULL, 123456, '2022-08-19 08:25:307'),
(309, 2, 16, 11118, 'ANGELEXA GRACE YOHANA PUTERI', NULL, 100, 'siswa', NULL, 123456, '2022-08-19 08:25:308'),
(310, 2, 16, 11120, 'BUNGA INDAH LESTARI', NULL, 100, 'siswa', NULL, 123456, '2022-08-19 08:25:309'),
(311, 2, 16, 11121, 'CAHYA REVICHA ABSHARINA', NULL, 100, 'siswa', NULL, 123456, '2022-08-19 08:25:310'),
(312, 2, 16, 11122, 'CHINTYA RAMDHANI', NULL, 100, 'siswa', NULL, 123456, '2022-08-19 08:25:311'),
(313, 2, 16, 11123, 'DA,WATUL JANAH', NULL, 100, 'siswa', NULL, 123456, '2022-08-19 08:25:312'),
(314, 2, 16, 11124, 'DEA ANNISA AZZHARA', NULL, 100, 'siswa', NULL, 123456, '2022-08-19 08:25:313'),
(315, 2, 16, 11125, 'EGIDIA ENDHITA LESTARI', NULL, 100, 'siswa', NULL, 123456, '2022-08-19 08:25:314'),
(316, 2, 16, 11126, 'GHALUH DIAN RATNA ARIMBI', NULL, 100, 'siswa', NULL, 123456, '2022-08-19 08:25:315'),
(317, 2, 16, 11127, 'INDAH FEBIYANTI', NULL, 100, 'siswa', NULL, 123456, '2022-08-19 08:25:316'),
(318, 2, 16, 11128, 'INDRI LESTIA SARI', NULL, 100, 'siswa', NULL, 123456, '2022-08-19 08:25:317'),
(319, 2, 16, 11129, 'ISNAENI PUTRI KURNIAWATI', NULL, 100, 'siswa', NULL, 123456, '2022-08-19 08:25:318'),
(320, 2, 16, 11130, 'KARTIKA RUSDIANTO', NULL, 100, 'siswa', NULL, 123456, '2022-08-19 08:25:319'),
(321, 2, 16, 11131, 'KIKI RACHMAWATI', NULL, 100, 'siswa', NULL, 123456, '2022-08-19 08:25:320'),
(322, 2, 16, 11132, 'MEGA THERESIA NARWADAN', NULL, 100, 'siswa', NULL, 123456, '2022-08-19 08:25:321'),
(323, 2, 16, 11133, 'MULYA PRASTYA DEWI', NULL, 100, 'siswa', NULL, 123456, '2022-08-19 08:25:322'),
(324, 2, 16, 11134, 'NAILA FATASYA', NULL, 100, 'siswa', NULL, 123456, '2022-08-19 08:25:323'),
(325, 2, 16, 11135, 'NOVA ADELIA', NULL, 100, 'siswa', NULL, 123456, '2022-08-19 08:25:324'),
(326, 2, 16, 11136, 'NOVAL ADITYA PUTRA', NULL, 100, 'siswa', NULL, 123456, '2022-08-19 08:25:325'),
(327, 2, 16, 11139, 'PUTRI ANJANI JULLY HARCO CHANIAGO', NULL, 100, 'siswa', NULL, 123456, '2022-08-19 08:25:326'),
(328, 2, 16, 11140, 'RAKHA NURVIKRI', NULL, 100, 'siswa', NULL, 123456, '2022-08-19 08:25:327'),
(329, 2, 16, 11008, 'RINJANI PURNAMA PUTRI', NULL, 100, 'siswa', NULL, 123456, '2022-08-19 08:25:328'),
(330, 2, 16, 11141, 'RIYAN ASAY ROZI', NULL, 100, 'siswa', NULL, 123456, '2022-08-19 08:25:329'),
(331, 2, 16, 11142, 'SALWA NISRINA', NULL, 100, 'siswa', NULL, 123456, '2022-08-19 08:25:330'),
(332, 2, 16, 11143, 'SEPTIA NUR HALIZA', NULL, 100, 'siswa', NULL, 123456, '2022-08-19 08:25:331'),
(333, 2, 16, 11144, 'SHASI KIRANA MATAHARI', NULL, 100, 'siswa', NULL, 123456, '2022-08-19 08:25:332'),
(334, 2, 16, 11145, 'SITI MUSAFA\'AH', NULL, 100, 'siswa', NULL, 123456, '2022-08-19 08:25:333'),
(335, 2, 16, 11146, 'SUNETA', NULL, 100, 'siswa', NULL, 123456, '2022-08-19 08:25:334'),
(336, 2, 16, 11147, 'TIARA RAHMADANI', NULL, 100, 'siswa', NULL, 123456, '2022-08-19 08:25:335'),
(337, 2, 16, 11148, 'VANIA SYAHIRAH', NULL, 100, 'siswa', NULL, 123456, '2022-08-19 08:25:336'),
(338, 2, 16, 11149, 'WELMA ANGELINA HOBBERTIN TENTUA', NULL, 100, 'siswa', NULL, 123456, '2022-08-19 08:25:337'),
(339, 2, 16, 11150, 'ZEN FIO LIKCA TINDAON', NULL, 100, 'siswa', NULL, 123456, '2022-08-19 08:25:338'),
(340, 2, 17, 11152, 'AMELISA SUTOMO', NULL, 100, 'siswa', NULL, 123456, '2022-08-19 08:25:339'),
(341, 2, 17, 11153, 'APRILIYA ANGGRAENI', NULL, 100, 'siswa', NULL, 123456, '2022-08-19 08:25:340'),
(342, 2, 17, 11154, 'AZZAHARA MEITRI WULANDARI', NULL, 98, 'siswa', NULL, 123456, '2022-08-19 08:25:341'),
(343, 2, 17, 11155, 'BUNGA PUTRI RAMADANI', NULL, 100, 'siswa', NULL, 123456, '2022-08-19 08:25:342'),
(344, 2, 17, 11156, 'CHARLEENA SYAFITRY', NULL, 100, 'siswa', NULL, 123456, '2022-08-19 08:25:343'),
(345, 2, 17, 11157, 'CINDY AGUSTIANI', NULL, 100, 'siswa', NULL, 123456, '2022-08-19 08:25:344'),
(346, 2, 17, 11159, 'DYAH MENUR NILAM SARI', NULL, 100, 'siswa', NULL, 123456, '2022-08-19 08:25:345'),
(347, 2, 17, 11160, 'ERMIKA SALSABILLA FEBYANA', NULL, 98, 'siswa', NULL, 123456, '2022-08-19 08:25:346'),
(348, 2, 17, 11264, 'GEVIRA NUR FADILAH', NULL, 100, 'siswa', NULL, 123456, '2022-08-19 08:25:347'),
(349, 2, 17, 11161, 'ICHA NUR ALMALITHA', NULL, 100, 'siswa', NULL, 123456, '2022-08-19 08:25:348'),
(350, 2, 17, 11162, 'INDI RAHMADANI', NULL, 100, 'siswa', NULL, 123456, '2022-08-19 08:25:349'),
(351, 2, 17, 11163, 'IRMA NUR AULIYANA', NULL, 100, 'siswa', NULL, 123456, '2022-08-19 08:25:350'),
(352, 2, 17, 11164, 'JOANA DWI SHABILLAH', NULL, 100, 'siswa', NULL, 123456, '2022-08-19 08:25:351'),
(353, 2, 17, 11165, 'KHOLILLAH FAHIRA', NULL, 100, 'siswa', NULL, 123456, '2022-08-19 08:25:352'),
(354, 2, 17, 11166, 'LILIS SUDIYANTI', NULL, 100, 'siswa', NULL, 123456, '2022-08-19 08:25:353'),
(355, 2, 17, 11167, 'MUHAMMAD RASYA FAJAR SIREGAR', NULL, 100, 'siswa', NULL, 123456, '2022-08-19 08:25:354'),
(356, 2, 17, 11168, 'NADYA SABRINA AZ-ZAHRA', NULL, 100, 'siswa', NULL, 123456, '2022-08-19 08:25:355'),
(357, 2, 17, 11169, 'NAYLA NAZWA SAFITRI', NULL, 100, 'siswa', NULL, 123456, '2022-08-19 08:25:356'),
(358, 2, 17, 11170, 'NOVA AULIA SETYAWAN', NULL, 99, 'siswa', NULL, 123456, '2022-08-19 08:25:357'),
(359, 2, 17, 11171, 'NOVIANA LIESA RAHMAWATI', NULL, 98, 'siswa', NULL, 123456, '2022-08-19 08:25:358'),
(360, 2, 17, 11172, 'NURKHOLIFAH', NULL, 100, 'siswa', NULL, 123456, '2022-08-19 08:25:359'),
(361, 2, 17, 11173, 'PRIHARTINI MULYANI', NULL, 100, 'siswa', NULL, 123456, '2022-08-19 08:25:360'),
(362, 2, 17, 11174, 'RACHEL JESSICA PANDY', NULL, 100, 'siswa', NULL, 123456, '2022-08-19 08:25:361'),
(363, 2, 17, 11175, 'RIMAZA FITRIYANI', NULL, 100, 'siswa', NULL, 123456, '2022-08-19 08:25:362'),
(364, 2, 17, 10922, 'SALSABILA SABRINA PUTRI', NULL, 100, 'siswa', NULL, 123456, '2022-08-19 08:25:363'),
(365, 2, 17, 11177, 'SEPTIA NUR AMANAH', NULL, 100, 'siswa', NULL, 123456, '2022-08-19 08:25:364'),
(366, 2, 17, 11178, 'SEPTIA NURUL FATWAH', NULL, 100, 'siswa', NULL, 123456, '2022-08-19 08:25:365'),
(367, 2, 17, 11179, 'SHELA DWI HALIZAH', NULL, 100, 'siswa', NULL, 123456, '2022-08-19 08:25:366'),
(368, 2, 17, 11180, 'SITI RAHMA', NULL, 98, 'siswa', NULL, 123456, '2022-08-19 08:25:367'),
(369, 2, 17, 11181, 'TAMALA FEBRIYANTI', NULL, 100, 'siswa', NULL, 123456, '2022-08-19 08:25:368'),
(370, 2, 17, 10925, 'TIEFANNY', NULL, 98, 'siswa', NULL, 123456, '2022-08-19 08:25:369'),
(371, 2, 17, 11182, 'TRI WAHYUNI', NULL, 100, 'siswa', NULL, 123456, '2022-08-19 08:25:370'),
(372, 2, 17, 11183, 'VINA NOPIYANTI', NULL, 100, 'siswa', NULL, 123456, '2022-08-19 08:25:371'),
(373, 2, 17, 11184, 'ZAHRA AYU NISA', NULL, 100, 'siswa', NULL, 123456, '2022-08-19 08:25:372'),
(374, 2, 22, 11185, 'ADILAH JUNIARTO', NULL, 99, 'siswa', NULL, 123456, '2022-08-19 08:25:373'),
(375, 2, 22, 11186, 'AHMAD FAJAR', NULL, 100, 'siswa', NULL, 123456, '2022-08-19 08:25:374'),
(376, 2, 22, 11187, 'ALEXA BIANCA PRISCILLA MALUEGHA', NULL, 100, 'siswa', NULL, 123456, '2022-08-19 08:25:375'),
(377, 2, 22, 11188, 'ANANDA SHAFITRI', NULL, 100, 'siswa', NULL, 123456, '2022-08-19 08:25:376'),
(378, 2, 22, 11189, 'ANGGA DWI RHAMDANI', NULL, 100, 'siswa', NULL, 123456, '2022-08-19 08:25:377'),
(379, 2, 22, 11190, 'DAFFA ADITYA PUTRA ELLYAS', NULL, 99, 'siswa', NULL, 123456, '2022-08-19 08:25:378'),
(380, 2, 22, 11191, 'DAVINA AMELIA YUNITA', NULL, 100, 'siswa', NULL, 123456, '2022-08-19 08:25:379'),
(381, 2, 22, 11192, 'FADLI ROHMAN', NULL, 100, 'siswa', NULL, 123456, '2022-08-19 08:25:380'),
(382, 2, 22, 11193, 'FARELIA ANANDA RIYANTO', NULL, 99, 'siswa', NULL, 123456, '2022-08-19 08:25:381'),
(383, 2, 22, 11265, 'FARID ABIDIN TRIPAMUNGKAS', NULL, 100, 'siswa', NULL, 123456, '2022-08-19 08:25:382'),
(384, 2, 22, 11194, 'FIKI NUR AFRIZA', NULL, 100, 'siswa', NULL, 123456, '2022-08-19 08:25:383'),
(385, 2, 22, 11195, 'FITRA RISYA NAYSHILA', NULL, 100, 'siswa', NULL, 123456, '2022-08-19 08:25:384'),
(386, 2, 22, 11196, 'IHSAN', NULL, 97, 'siswa', NULL, 123456, '2022-08-19 08:25:385'),
(387, 2, 22, 11197, 'JASMINE PUTRI SUGIANTO', NULL, 100, 'siswa', NULL, 123456, '2022-08-19 08:25:386'),
(388, 2, 22, 11198, 'LUTFIATUL AULIA FADILAH', NULL, 100, 'siswa', NULL, 123456, '2022-08-19 08:25:387'),
(389, 2, 22, 11199, 'MUHAMAD ARFIAN SAPUTRA', NULL, 100, 'siswa', NULL, 123456, '2022-08-19 08:25:388'),
(390, 2, 22, 1266, 'MUHAMMAD FADHIL NAIM', NULL, 99, 'siswa', NULL, 123456, '2022-08-19 08:25:389'),
(391, 2, 22, 11200, 'MUHAMMAD YUDHA ADITYA', NULL, 98, 'siswa', NULL, 123456, '2022-08-19 08:25:390'),
(392, 2, 22, 11201, 'NADYNE LOURENSIA SAEBRINA', NULL, 100, 'siswa', NULL, 123456, '2022-08-19 08:25:391'),
(393, 2, 22, 11202, 'NURFITRI DESI', NULL, 99, 'siswa', NULL, 123456, '2022-08-19 08:25:392'),
(394, 2, 22, 10989, 'PATAR IMMANUEL MANALU', NULL, 94, 'siswa', NULL, 123456, '2022-08-19 08:25:393'),
(395, 2, 22, 11203, 'PUTRA SETYONUGROHO', NULL, 97, 'siswa', NULL, 123456, '2022-08-19 08:25:394'),
(396, 2, 22, 11204, 'RAFITO JUAN SAPUTRA', NULL, 100, 'siswa', NULL, 123456, '2022-08-19 08:25:395'),
(397, 2, 22, 11205, 'RAYLA THORIQ HAFUZA', NULL, 99, 'siswa', NULL, 123456, '2022-08-19 08:25:396'),
(398, 2, 22, 11206, 'REVIN AJHAR FALAH', NULL, 100, 'siswa', NULL, 123456, '2022-08-19 08:25:397'),
(399, 2, 22, 11207, 'RIO VALDY HERMANSYAH', NULL, 100, 'siswa', NULL, 123456, '2022-08-19 08:25:398'),
(400, 2, 22, 11208, 'RISKI DARMAWAN', NULL, 100, 'siswa', NULL, 123456, '2022-08-19 08:25:399'),
(401, 2, 22, 11209, 'RIZKY DHANI AGUSTIAN', NULL, 100, 'siswa', NULL, 123456, '2022-08-19 08:25:400'),
(402, 2, 22, 11210, 'SEPTI MUTIARA', NULL, 99, 'siswa', NULL, 123456, '2022-08-19 08:25:401'),
(403, 2, 22, 11211, 'SHIFA ALIYA ROZAK', NULL, 97, 'siswa', NULL, 123456, '2022-08-19 08:25:402'),
(404, 2, 22, 11212, 'SUHENI AULIA', NULL, 100, 'siswa', NULL, 123456, '2022-08-19 08:25:403'),
(405, 2, 22, 11213, 'SYAIFUL FARHAN HANIF', NULL, 100, 'siswa', NULL, 123456, '2022-08-19 08:25:404'),
(406, 2, 22, 11214, 'TANOEJAYA SAMI AKBAR', NULL, 100, 'siswa', NULL, 123456, '2022-08-19 08:25:405'),
(407, 2, 22, 11215, 'YATI KURNIAWATI', NULL, 100, 'siswa', NULL, 123456, '2022-08-19 08:25:406'),
(408, 2, 22, 11216, 'ZAHWA AMELIA PUTRI', NULL, 99, 'siswa', NULL, 123456, '2022-08-19 08:25:407'),
(409, 2, 22, 11217, 'ZASKIA FEBRIYANTI', NULL, 100, 'siswa', NULL, 123456, '2022-08-19 08:25:408'),
(410, 2, 23, 10963, 'ABDUL MAJID', NULL, 98, 'siswa', NULL, 123456, '2022-08-19 08:25:409'),
(411, 2, 23, 11218, 'AGUS MOLANA', NULL, 100, 'siswa', NULL, 123456, '2022-08-19 08:25:410'),
(412, 2, 23, 11219, 'AKHMAD KARIM', NULL, 100, 'siswa', NULL, 123456, '2022-08-19 08:25:411'),
(413, 2, 23, 11220, 'ALPINE VALENTINO', NULL, 100, 'siswa', NULL, 123456, '2022-08-19 08:25:412'),
(414, 2, 23, 11221, 'ANANDA WIDYA MAHARANI', NULL, 100, 'siswa', NULL, 123456, '2022-08-19 08:25:413'),
(415, 2, 23, 11222, 'BAGUS LIR ANGGA', NULL, 100, 'siswa', NULL, 123456, '2022-08-19 08:25:414'),
(416, 2, 23, 11223, 'DAMAYANTI', NULL, 100, 'siswa', NULL, 123456, '2022-08-19 08:25:415'),
(417, 2, 23, 11224, 'DHANYL AKHMAD SYAFAREL', NULL, 100, 'siswa', NULL, 123456, '2022-08-19 08:25:416'),
(418, 2, 23, 11225, 'FAHIRA PUTRI ANANTA', NULL, 100, 'siswa', NULL, 123456, '2022-08-19 08:25:417'),
(419, 2, 23, 11226, 'FAUZAN AKBAR WIJAYA ', NULL, 100, 'siswa', NULL, 123456, '2022-08-19 08:25:418'),
(420, 2, 23, 11227, 'FIRMANSYAH', NULL, 98, 'siswa', NULL, 123456, '2022-08-19 08:25:419'),
(421, 2, 23, 11228, 'FITRIA ANISA FADILA', NULL, 100, 'siswa', NULL, 123456, '2022-08-19 08:25:420'),
(422, 2, 23, 11229, 'INDAH SEFTYANY', NULL, 99, 'siswa', NULL, 123456, '2022-08-19 08:25:421'),
(423, 2, 23, 11230, 'JIHAN AULIA TAHIR', NULL, 100, 'siswa', NULL, 123456, '2022-08-19 08:25:422'),
(424, 2, 23, 11231, 'MOHAMMAD ABDILLAH MUKTI', NULL, 100, 'siswa', NULL, 123456, '2022-08-19 08:25:423'),
(425, 2, 23, 11232, 'MUHAMMAD ALDI TRI SETIAWAN', NULL, 100, 'siswa', NULL, 123456, '2022-08-19 08:25:424'),
(426, 2, 23, 10984, 'MUHAMMAD NUR ILHAM', NULL, 99, 'siswa', NULL, 123456, '2022-08-19 08:25:425'),
(427, 2, 23, 11233, 'NABILAYULVANI', NULL, 100, 'siswa', NULL, 123456, '2022-08-19 08:25:426'),
(428, 2, 23, 11234, 'NATASYA MONICA FEBIYANTI', NULL, 100, 'siswa', NULL, 123456, '2022-08-19 08:25:427'),
(429, 2, 23, 11235, 'PRIANA RAMADANTI', NULL, 99, 'siswa', NULL, 123456, '2022-08-19 08:25:428'),
(430, 2, 23, 11236, 'RADIT YUSUF RAHMATILLAH', NULL, 100, 'siswa', NULL, 123456, '2022-08-19 08:25:429'),
(431, 2, 23, 11237, 'RATU AYU AULIA MUDZHIRIYANTI', NULL, 100, 'siswa', NULL, 123456, '2022-08-19 08:25:430'),
(432, 2, 23, 11238, 'RENATA CHRISTY KALENGKONGAN', NULL, 97, 'siswa', NULL, 123456, '2022-08-19 08:25:431'),
(433, 2, 23, 11239, 'RIDWAN RIZKY RAMADHAN', NULL, 98, 'siswa', NULL, 123456, '2022-08-19 08:25:432'),
(434, 2, 23, 11240, 'RIRIS DESTIARA PUTRI', NULL, 100, 'siswa', NULL, 123456, '2022-08-19 08:25:433'),
(435, 2, 23, 11241, 'RIVANI', NULL, 99, 'siswa', NULL, 123456, '2022-08-19 08:25:434'),
(436, 2, 23, 11242, 'SANIA RISWALA', NULL, 100, 'siswa', NULL, 123456, '2022-08-19 08:25:435'),
(437, 2, 23, 11243, 'SEVITA RAHMA AULIA', NULL, 98, 'siswa', NULL, 123456, '2022-08-19 08:25:436'),
(438, 2, 23, 11244, 'SITI NUR HIKMAH', NULL, 98, 'siswa', NULL, 123456, '2022-08-19 08:25:437'),
(439, 2, 23, 11267, 'SULTAN ANWAR', NULL, 97, 'siswa', NULL, 123456, '2022-08-19 08:25:438'),
(440, 2, 23, 10995, 'SUNARGI', NULL, 96, 'siswa', NULL, 123456, '2022-08-19 08:25:439'),
(441, 2, 23, 11245, 'SYAFA SALSABIELAH SUSANTO', NULL, 100, 'siswa', NULL, 123456, '2022-08-19 08:25:440'),
(442, 2, 23, 11246, 'SYIFA RASYA DAMERA', NULL, 100, 'siswa', NULL, 123456, '2022-08-19 08:25:441'),
(443, 2, 23, 11247, 'TRI MUNARSIH', NULL, 99, 'siswa', NULL, 123456, '2022-08-19 08:25:442'),
(444, 2, 23, 11248, 'ZAHRA NUR FADILLAH', NULL, 100, 'siswa', NULL, 123456, '2022-08-19 08:25:443'),
(445, 2, 23, 11249, 'ZASKIA ADAWIYAH', NULL, 100, 'siswa', NULL, 123456, '2022-08-19 08:25:444'),
(446, 1, 1, 11268, 'ADHWA DZAKIYAH SULAIMAN', NULL, 99, 'siswa', NULL, 123456, '2022-08-19 08:25:445'),
(447, 1, 1, 11269, 'ALICIA ANGELINE SURYA', NULL, 100, 'siswa', NULL, 123456, '2022-08-19 08:25:446'),
(448, 1, 1, 11270, 'ALYA NAZHIFAH', NULL, 99, 'siswa', NULL, 123456, '2022-08-19 08:25:447'),
(449, 1, 1, 11271, 'AMELIA HERMAWATI', NULL, 100, 'siswa', NULL, 123456, '2022-08-19 08:25:448'),
(450, 1, 1, 11272, 'ANGGUN PERMATASARI', NULL, 100, 'siswa', NULL, 123456, '2022-08-19 08:25:449'),
(451, 1, 1, 11273, 'ANINDYA KAIRA ALUNA', NULL, 98, 'siswa', NULL, 123456, '2022-08-19 08:25:450'),
(452, 1, 1, 11274, 'BELLA OKTAVIANI', NULL, 100, 'siswa', NULL, 123456, '2022-08-19 08:25:451'),
(453, 1, 1, 11275, 'CALISTA SALSABILLAH', NULL, 100, 'siswa', NULL, 123456, '2022-08-19 08:25:452'),
(454, 1, 1, 11276, 'CHELSEA SULISTIAWATI', NULL, 100, 'siswa', NULL, 123456, '2022-08-19 08:25:453'),
(455, 1, 1, 11277, 'DAVINA HALAIDAH', NULL, 99, 'siswa', NULL, 123456, '2022-08-19 08:25:454'),
(456, 1, 1, 11278, 'DINA SABRINA', NULL, 99, 'siswa', NULL, 123456, '2022-08-19 08:25:455'),
(457, 1, 1, 11279, 'DIVA OKTARIA VANDES', NULL, 100, 'siswa', NULL, 123456, '2022-08-19 08:25:456'),
(458, 1, 1, 11280, 'FIRLY SABILLAH', NULL, 100, 'siswa', NULL, 123456, '2022-08-19 08:25:457'),
(459, 1, 1, 11281, 'GHINA USWAH', NULL, 100, 'siswa', NULL, 123456, '2022-08-19 08:25:458'),
(460, 1, 1, 11282, 'LARAS AYU', NULL, 100, 'siswa', NULL, 123456, '2022-08-19 08:25:459'),
(461, 1, 1, 11283, 'MARNALISA', NULL, 100, 'siswa', NULL, 123456, '2022-08-19 08:25:460'),
(462, 1, 1, 11284, 'NADINE KIRANIA NUR FAUZIAH', NULL, 100, 'siswa', NULL, 123456, '2022-08-19 08:25:461'),
(463, 1, 1, 11285, 'NATHASYA SALSYABILLAH', NULL, 100, 'siswa', NULL, 123456, '2022-08-19 08:25:462'),
(464, 1, 1, 11286, 'NOVIANI RISMAYANI', NULL, 100, 'siswa', NULL, 123456, '2022-08-19 08:25:463'),
(465, 1, 1, 11287, 'PUTRI DESI ANGRAINI', NULL, 100, 'siswa', NULL, 123456, '2022-08-19 08:25:464'),
(466, 1, 1, 11288, 'QUEENA TIARA KHAIRIYAH', NULL, 100, 'siswa', NULL, 123456, '2022-08-19 08:25:465'),
(467, 1, 1, 11289, 'RAHMA NASIFA PUTRI', NULL, 99, 'siswa', NULL, 123456, '2022-08-19 08:25:466'),
(468, 1, 1, 11290, 'RAMEYZA NUR HIKMAH', NULL, 99, 'siswa', NULL, 123456, '2022-08-19 08:25:467'),
(469, 1, 1, 11291, 'RASYA NAJLA FAUZIYA', NULL, 100, 'siswa', NULL, 123456, '2022-08-19 08:25:468'),
(470, 1, 1, 11292, 'SALMA KHAIRUL NISSA', NULL, 99, 'siswa', NULL, 123456, '2022-08-19 08:25:469'),
(471, 1, 1, 11293, 'SALWA ALYA FIRJANNAH', NULL, 99, 'siswa', NULL, 123456, '2022-08-19 08:25:470'),
(472, 1, 1, 11263, 'SELVIANA PUTRI', NULL, 98, 'siswa', NULL, 123456, '2022-08-19 08:25:471'),
(473, 1, 1, 11294, 'SILVIANA EVANI', NULL, 99, 'siswa', NULL, 123456, '2022-08-19 08:25:472'),
(474, 1, 1, 11295, 'SITI KHOIRUNNISA', NULL, 99, 'siswa', NULL, 123456, '2022-08-19 08:25:473'),
(475, 1, 1, 11296, 'SITI SARAH HOERUNISA', NULL, 100, 'siswa', NULL, 123456, '2022-08-19 08:25:474'),
(476, 1, 1, 11297, 'SOFIA NUR LUTFIAH', NULL, 100, 'siswa', NULL, 123456, '2022-08-19 08:25:475'),
(477, 1, 1, 11298, 'TANTRI SUKMA PRATIWI', NULL, 100, 'siswa', NULL, 123456, '2022-08-19 08:25:476'),
(478, 1, 1, 11299, 'TIARA ADINDA', NULL, 100, 'siswa', NULL, 123456, '2022-08-19 08:25:477'),
(479, 1, 1, 11300, 'TIYA ARIYANI', NULL, 100, 'siswa', NULL, 123456, '2022-08-19 08:25:478'),
(480, 1, 1, 11301, 'WULAN SARI', NULL, 97, 'siswa', NULL, 123456, '2022-08-19 08:25:479'),
(481, 1, 1, 11302, 'ZULVAN AL- FARISYI', NULL, 100, 'siswa', NULL, 123456, '2022-08-19 08:25:480'),
(482, 1, 2, 11303, 'AATHIRAH NISRINA', NULL, 100, 'siswa', NULL, 123456, '2022-08-19 08:25:481'),
(483, 1, 2, 11304, 'AISAH NUR FAHRIYANTI', NULL, 100, 'siswa', NULL, 123456, '2022-08-19 08:25:482'),
(484, 1, 2, 11305, 'AISYAH FEBRIANTY', NULL, 99, 'siswa', NULL, 123456, '2022-08-19 08:25:483'),
(485, 1, 2, 11306, 'CHELSEA KAYLA ILMANDA', NULL, 100, 'siswa', NULL, 123456, '2022-08-19 08:25:484'),
(486, 1, 2, 11307, 'DEA AGUSTINA BUITBISI', NULL, 99, 'siswa', NULL, 123456, '2022-08-19 08:25:485'),
(487, 1, 2, 11308, 'DEA ARISKA', NULL, 100, 'siswa', NULL, 123456, '2022-08-19 08:25:486'),
(488, 1, 2, 11309, 'DEDE PUTRA SETIAWAN', NULL, 99, 'siswa', NULL, 123456, '2022-08-19 08:25:487'),
(489, 1, 2, 11310, 'DESVITA ADISKA PUTRI', NULL, 100, 'siswa', NULL, 123456, '2022-08-19 08:25:488'),
(490, 1, 2, 11311, 'DHEA ANANDA KARTINI', NULL, 99, 'siswa', NULL, 123456, '2022-08-19 08:25:489'),
(491, 1, 2, 11312, 'DINI RODIANA AGUSTIN', NULL, 100, 'siswa', NULL, 123456, '2022-08-19 08:25:490'),
(492, 1, 2, 11313, 'EKA RAHAYU PRASETIA', NULL, 100, 'siswa', NULL, 123456, '2022-08-19 08:25:491'),
(493, 1, 2, 11314, 'ELIA', NULL, 99, 'siswa', NULL, 123456, '2022-08-19 08:25:492'),
(494, 1, 2, 11315, 'ERLISYA NAVISHA ROSYID', NULL, 100, 'siswa', NULL, 123456, '2022-08-19 08:25:493'),
(495, 1, 2, 11316, 'FIRMAN MAULANA', NULL, 100, 'siswa', NULL, 123456, '2022-08-19 08:25:494'),
(496, 1, 2, 11317, 'GIYANTI RAMADHANI', NULL, 98, 'siswa', NULL, 123456, '2022-08-19 08:25:495'),
(497, 1, 2, 11318, 'HALIMAH DWI ANGGRAENI', NULL, 97, 'siswa', NULL, 123456, '2022-08-19 08:25:496'),
(498, 1, 2, 11319, 'ISABELL LOUISYE', NULL, 99, 'siswa', NULL, 123456, '2022-08-19 08:25:497'),
(499, 1, 2, 11320, 'ISHMAH SUCI RAMADHANI', NULL, 100, 'siswa', NULL, 123456, '2022-08-19 08:25:498'),
(500, 1, 2, 11321, 'IVA LATIFAH', NULL, 100, 'siswa', NULL, 123456, '2022-08-19 08:25:499'),
(501, 1, 2, 11322, 'KHOILAH', NULL, 100, 'siswa', NULL, 123456, '2022-08-19 08:25:500'),
(502, 1, 2, 11323, 'MARSYAHLA AZZAHIYAH', NULL, 100, 'siswa', NULL, 123456, '2022-08-19 08:25:501'),
(503, 1, 2, 11324, 'MUHAMMAD NABIL AYRIEL MUSTOFA P.', NULL, 100, 'siswa', NULL, 123456, '2022-08-19 08:25:502'),
(504, 1, 2, 11325, 'NADIA', NULL, 100, 'siswa', NULL, 123456, '2022-08-19 08:25:503'),
(505, 1, 2, 11326, 'NADILA', NULL, 99, 'siswa', NULL, 123456, '2022-08-19 08:25:504'),
(506, 1, 2, 11327, 'NAFISA HASNA AZZAHRA', NULL, 100, 'siswa', NULL, 123456, '2022-08-19 08:25:505'),
(507, 1, 2, 11328, 'NAZWA MAULIDA', NULL, 100, 'siswa', NULL, 123456, '2022-08-19 08:25:506'),
(508, 1, 2, 11329, 'NESSY PRADITA RINJANI', NULL, 100, 'siswa', NULL, 123456, '2022-08-19 08:25:507'),
(509, 1, 2, 11330, 'NOVI KURNIAWAN', NULL, 99, 'siswa', NULL, 123456, '2022-08-19 08:25:508'),
(510, 1, 2, 11331, 'NUR AISYAH', NULL, 100, 'siswa', NULL, 123456, '2022-08-19 08:25:509');
INSERT INTO `data_siswa` (`id_siswa`, `id_kelas`, `id_jurusan`, `nis`, `nama_siswa`, `email`, `jmlh_poin`, `role`, `foto`, `password`, `created_at`) VALUES
(511, 1, 2, 11332, 'NUR LAILA', NULL, 100, 'siswa', NULL, 123456, '2022-08-19 08:25:510'),
(512, 1, 2, 11333, 'RAAJWA INTAN ZAAHIRA', NULL, 100, 'siswa', NULL, 123456, '2022-08-19 08:25:511'),
(513, 1, 2, 11334, 'SALSA CAHYANI PUTRI', NULL, 100, 'siswa', NULL, 123456, '2022-08-19 08:25:512'),
(514, 1, 2, 11069, 'SANIA MEIDINA', NULL, 97, 'siswa', NULL, 123456, '2022-08-19 08:25:513'),
(515, 1, 2, 11335, 'TIARA NURFADILAH', NULL, 100, 'siswa', NULL, 123456, '2022-08-19 08:25:514'),
(516, 1, 2, 11336, 'ZASKIA', NULL, 100, 'siswa', NULL, 123456, '2022-08-19 08:25:515'),
(517, 1, 7, 11337, 'ADELIA PUTRI LESTARI', NULL, 100, 'siswa', NULL, 123456, '2022-08-19 08:25:516'),
(518, 1, 7, 11338, 'AKSIYAH ASY SYAMIATUZ ZAHRAH', NULL, 99, 'siswa', NULL, 123456, '2022-08-19 08:25:517'),
(519, 1, 7, 11339, 'ARDIANTI', NULL, 100, 'siswa', NULL, 123456, '2022-08-19 08:25:518'),
(520, 1, 7, 11340, 'AUDIAH ZABRINA', NULL, 100, 'siswa', NULL, 123456, '2022-08-19 08:25:519'),
(521, 1, 7, 11341, 'CYNARA ARISTAWIDYA RIADY', NULL, 99, 'siswa', NULL, 123456, '2022-08-19 08:25:520'),
(522, 1, 7, 11342, 'DAHNIAR PARAMITHA', NULL, 100, 'siswa', NULL, 123456, '2022-08-19 08:25:521'),
(523, 1, 7, 11343, 'DENI SANTO SATOINONG', NULL, 100, 'siswa', NULL, 123456, '2022-08-19 08:25:522'),
(524, 1, 7, 11344, 'DESTY PRAYATMAN', NULL, 100, 'siswa', NULL, 123456, '2022-08-19 08:25:523'),
(525, 1, 7, 11345, 'DEVALLY OCTAVIALLY VENEZUELLA', NULL, 100, 'siswa', NULL, 123456, '2022-08-19 08:25:524'),
(526, 1, 7, 11346, 'DIDAN AHMAD', NULL, 100, 'siswa', NULL, 123456, '2022-08-19 08:25:525'),
(527, 1, 7, 11347, 'DWI SEKAR LISTIYANI', NULL, 100, 'siswa', NULL, 123456, '2022-08-19 08:25:526'),
(528, 1, 7, 11348, 'FIRA APRILIA VISTA', NULL, 99, 'siswa', NULL, 123456, '2022-08-19 08:25:527'),
(529, 1, 7, 11349, 'FITRI WULANDARI', NULL, 100, 'siswa', NULL, 123456, '2022-08-19 08:25:528'),
(530, 1, 7, 11350, 'HERDIANA', NULL, 100, 'siswa', NULL, 123456, '2022-08-19 08:25:529'),
(531, 1, 7, 11351, 'KARLA CINTA PUTRI OCKTAVIAN', NULL, 100, 'siswa', NULL, 123456, '2022-08-19 08:25:530'),
(532, 1, 7, 11352, 'KURNIASIH HIDAYAT', NULL, 100, 'siswa', NULL, 123456, '2022-08-19 08:25:531'),
(533, 1, 7, 11353, 'LATIFAH', NULL, 100, 'siswa', NULL, 123456, '2022-08-19 08:25:532'),
(534, 1, 7, 11354, 'MARSYA ALICYA', NULL, 100, 'siswa', NULL, 123456, '2022-08-19 08:25:533'),
(535, 1, 7, 11355, 'MARSYA ZHAFIRAH LIANTI', NULL, 100, 'siswa', NULL, 123456, '2022-08-19 08:25:534'),
(536, 1, 7, 11356, 'NABILA KIRANA', NULL, 100, 'siswa', NULL, 123456, '2022-08-19 08:25:535'),
(537, 1, 7, 11357, 'NA\'ILAH RAISSA SAHDA EFENDI', NULL, 100, 'siswa', NULL, 123456, '2022-08-19 08:25:536'),
(538, 1, 7, 11358, 'NATHANAEL OKTAVIANUS LIMAN PUTRA', NULL, 100, 'siswa', NULL, 123456, '2022-08-19 08:25:537'),
(539, 1, 7, 11359, 'NUR MAYLA', NULL, 100, 'siswa', NULL, 123456, '2022-08-19 08:25:538'),
(540, 1, 7, 11360, 'RABIATUL ADAWIYAH', NULL, 100, 'siswa', NULL, 123456, '2022-08-19 08:25:539'),
(541, 1, 7, 11361, 'RAHMA DINA ALGHIFARI', NULL, 100, 'siswa', NULL, 123456, '2022-08-19 08:25:540'),
(542, 1, 7, 11362, 'REVA NUR FADILAH', NULL, 100, 'siswa', NULL, 123456, '2022-08-19 08:25:541'),
(543, 1, 7, 11363, 'RISCHA NUR SAFANA', NULL, 100, 'siswa', NULL, 123456, '2022-08-19 08:25:542'),
(544, 1, 7, 11364, 'RIZTY YULIANTI', NULL, 100, 'siswa', NULL, 123456, '2022-08-19 08:25:543'),
(545, 1, 7, 11365, 'SABRIL DIMAS SAPUTRA', NULL, 100, 'siswa', NULL, 123456, '2022-08-19 08:25:544'),
(546, 1, 7, 11366, 'SALWA PUTRI RAMADANI', NULL, 100, 'siswa', NULL, 123456, '2022-08-19 08:25:545'),
(547, 1, 7, 11367, 'SHABRINA MULYA', NULL, 100, 'siswa', NULL, 123456, '2022-08-19 08:25:546'),
(548, 1, 7, 11368, 'SHAKILA NAYRA', NULL, 100, 'siswa', NULL, 123456, '2022-08-19 08:25:547'),
(549, 1, 7, 11369, 'SITI IGYA SETIANINGRUM', NULL, 100, 'siswa', NULL, 123456, '2022-08-19 08:25:548'),
(550, 1, 7, 11370, 'SUCI KHAERUNNISA', NULL, 100, 'siswa', NULL, 123456, '2022-08-19 08:25:549'),
(551, 1, 7, 11371, 'VERONICA INRI APRILIANI SIAHAAN', NULL, 100, 'siswa', NULL, 123456, '2022-08-19 08:25:550'),
(552, 1, 7, 11372, 'WINNA AMELIA SAFITRI', NULL, 100, 'siswa', NULL, 123456, '2022-08-19 08:25:551'),
(553, 1, 4, 11373, 'ADHE NOVYANI PUTRI', NULL, 100, 'siswa', NULL, 123456, '2022-08-19 08:25:552'),
(554, 1, 4, 11374, 'ALBANI RAY', NULL, 100, 'siswa', NULL, 123456, '2022-08-19 08:25:553'),
(555, 1, 4, 11375, 'ALLYA KHARISMA', NULL, 100, 'siswa', NULL, 123456, '2022-08-19 08:25:554'),
(556, 1, 4, 11376, 'AMELLIA AZZAHRA KELANA', NULL, 100, 'siswa', NULL, 123456, '2022-08-19 08:25:555'),
(557, 1, 4, 11377, 'ANDIRA VERNANDA', NULL, 100, 'siswa', NULL, 123456, '2022-08-19 08:25:556'),
(558, 1, 4, 11378, 'ANNISA RAMADHANI', NULL, 100, 'siswa', NULL, 123456, '2022-08-19 08:25:557'),
(559, 1, 4, 11119, 'AVRILLIA PRASETYA SARI', NULL, 100, 'siswa', NULL, 123456, '2022-08-19 08:25:558'),
(560, 1, 4, 11379, 'AZAHRA AULIA PUTRI', NULL, 100, 'siswa', NULL, 123456, '2022-08-19 08:25:559'),
(561, 1, 4, 11380, 'BUNGA SABILLAH', NULL, 100, 'siswa', NULL, 123456, '2022-08-19 08:25:560'),
(562, 1, 4, 11381, 'CAILA BIANCA YUSUF', NULL, 100, 'siswa', NULL, 123456, '2022-08-19 08:25:561'),
(563, 1, 4, 11382, 'CAMELIA MAULANA PUTRI', NULL, 100, 'siswa', NULL, 123456, '2022-08-19 08:25:562'),
(564, 1, 4, 11383, 'CESYARE MALDINI', NULL, 100, 'siswa', NULL, 123456, '2022-08-19 08:25:563'),
(565, 1, 4, 11384, 'CUT ERSA REVALINA', NULL, 100, 'siswa', NULL, 123456, '2022-08-19 08:25:564'),
(566, 1, 4, 11385, 'DESINTA DEWI', NULL, 100, 'siswa', NULL, 123456, '2022-08-19 08:25:565'),
(567, 1, 4, 11386, 'ELYSA RAHMA DANI', NULL, 100, 'siswa', NULL, 123456, '2022-08-19 08:25:566'),
(568, 1, 4, 11387, 'FARIDA ANZANI', NULL, 100, 'siswa', NULL, 123456, '2022-08-19 08:25:567'),
(569, 1, 4, 11388, 'FAUZAN AL SHIDDIQOH', NULL, 100, 'siswa', NULL, 123456, '2022-08-19 08:25:568'),
(570, 1, 4, 11389, 'FEBBY AURELIA BADOA', NULL, 100, 'siswa', NULL, 123456, '2022-08-19 08:25:569'),
(571, 1, 4, 11390, 'GADIS NALINDRA PUTRI', NULL, 100, 'siswa', NULL, 123456, '2022-08-19 08:25:570'),
(572, 1, 4, 11391, 'INA SARINA', NULL, 100, 'siswa', NULL, 123456, '2022-08-19 08:25:571'),
(573, 1, 4, 11392, 'LORENCA', NULL, 100, 'siswa', NULL, 123456, '2022-08-19 08:25:572'),
(574, 1, 4, 11393, 'LUNA PUTRI AUDINA', NULL, 100, 'siswa', NULL, 123456, '2022-08-19 08:25:573'),
(575, 1, 4, 11394, 'MUHAMMAD ZIDANE FAHREZY', NULL, 100, 'siswa', NULL, 123456, '2022-08-19 08:25:574'),
(576, 1, 4, 11395, 'NADIA MULYA ARTANTI', NULL, 100, 'siswa', NULL, 123456, '2022-08-19 08:25:575'),
(577, 1, 4, 11396, 'NATASYA', NULL, 100, 'siswa', NULL, 123456, '2022-08-19 08:25:576'),
(578, 1, 4, 11397, 'NENTI FADIYAH', NULL, 100, 'siswa', NULL, 123456, '2022-08-19 08:25:577'),
(579, 1, 4, 11398, 'NUR BELI ASMIRANTI', NULL, 100, 'siswa', NULL, 123456, '2022-08-19 08:25:578'),
(580, 1, 4, 11399, 'PUTRI ZASKIA RAMADHANI', NULL, 100, 'siswa', NULL, 123456, '2022-08-19 08:25:579'),
(581, 1, 4, 11400, 'RAYHAN RAMADAN', NULL, 100, 'siswa', NULL, 123456, '2022-08-19 08:25:580'),
(582, 1, 4, 11401, 'SHIDQIYYAH NADINA KASYA', NULL, 100, 'siswa', NULL, 123456, '2022-08-19 08:25:581'),
(583, 1, 4, 11402, 'SITI HADIJAH', NULL, 100, 'siswa', NULL, 123456, '2022-08-19 08:25:582'),
(584, 1, 4, 11403, 'TANIA MEGA PUTRI', NULL, 100, 'siswa', NULL, 123456, '2022-08-19 08:25:583'),
(585, 1, 4, 11404, 'VIERA AVIA SORAYA', NULL, 100, 'siswa', NULL, 123456, '2022-08-19 08:25:584'),
(586, 1, 4, 11405, 'WILLY VERGIAWAN ARFARY', NULL, 100, 'siswa', NULL, 123456, '2022-08-19 08:25:585'),
(587, 1, 4, 11406, 'ZAHRA AZIZAH RAHMAN', NULL, 100, 'siswa', NULL, 123456, '2022-08-19 08:25:586'),
(588, 1, 4, 11407, 'ZAHWA AMANDA AULIA', NULL, 100, 'siswa', NULL, 123456, '2022-08-19 08:25:587'),
(589, 1, 5, 11408, 'ALIFIA ZAHWA DIAH ASTUTI', NULL, 100, 'siswa', NULL, 123456, '2022-08-19 08:25:588'),
(590, 1, 5, 11409, 'ANGGRAENI PUTRI IMAS', NULL, 100, 'siswa', NULL, 123456, '2022-08-19 08:25:589'),
(591, 1, 5, 11410, 'ANYNDIAH IRWANDARI', NULL, 100, 'siswa', NULL, 123456, '2022-08-19 08:25:590'),
(592, 1, 5, 11153, 'APRILIYA ANGGRAENI', NULL, 100, 'siswa', NULL, 123456, '2022-08-19 08:25:591'),
(593, 1, 5, 11411, 'ATIKAH TRI HAPSARI', NULL, 100, 'siswa', NULL, 123456, '2022-08-19 08:25:592'),
(594, 1, 5, 11412, 'DANEZZA QUEENSYA AGISQI', NULL, 100, 'siswa', NULL, 123456, '2022-08-19 08:25:593'),
(595, 1, 5, 11413, 'DELVI YULIANTI', NULL, 100, 'siswa', NULL, 123456, '2022-08-19 08:25:594'),
(596, 1, 5, 11414, 'DEVINA ANNATASYA', NULL, 100, 'siswa', NULL, 123456, '2022-08-19 08:25:595'),
(597, 1, 5, 11415, 'DINDA RAMADANI', NULL, 100, 'siswa', NULL, 123456, '2022-08-19 08:25:596'),
(598, 1, 5, 11416, 'EKA SAFITRI PUTRI RAHARJO', NULL, 100, 'siswa', NULL, 123456, '2022-08-19 08:25:597'),
(599, 1, 5, 11417, 'ELSYA FIRANA', NULL, 100, 'siswa', NULL, 123456, '2022-08-19 08:25:598'),
(600, 1, 5, 11418, 'ERICCA NADYA PRISKILA TINDAON', NULL, 100, 'siswa', NULL, 123456, '2022-08-19 08:25:599'),
(601, 1, 5, 11419, 'FARHAN FADILAH', NULL, 100, 'siswa', NULL, 123456, '2022-08-19 08:25:600'),
(602, 1, 5, 11420, 'IQBAL SAPUTRA', NULL, 100, 'siswa', NULL, 123456, '2022-08-19 08:25:601'),
(603, 1, 5, 11421, 'JINGGA KAILA CYMA NATHA', NULL, 100, 'siswa', NULL, 123456, '2022-08-19 08:25:602'),
(604, 1, 5, 11422, 'KARINA CAHYANI PUTRI', NULL, 100, 'siswa', NULL, 123456, '2022-08-19 08:25:603'),
(605, 1, 5, 11423, 'KAROEL RAKA ZETH PALENTENG', NULL, 100, 'siswa', NULL, 123456, '2022-08-19 08:25:604'),
(606, 1, 5, 11424, 'KHATERINA SUSANA TOLOK', NULL, 100, 'siswa', NULL, 123456, '2022-08-19 08:25:605'),
(607, 1, 5, 11425, 'NADIA NAILATUL IZZAH', NULL, 100, 'siswa', NULL, 123456, '2022-08-19 08:25:606'),
(608, 1, 5, 11426, 'NAILA AMALIA AHMAD', NULL, 100, 'siswa', NULL, 123456, '2022-08-19 08:25:607'),
(609, 1, 5, 11427, 'NAILA TSANIYAH', NULL, 100, 'siswa', NULL, 123456, '2022-08-19 08:25:608'),
(610, 1, 5, 11428, 'NASYIFA DYAH WIGUNA', NULL, 100, 'siswa', NULL, 123456, '2022-08-19 08:25:609'),
(611, 1, 5, 11429, 'NASYWA ATHIYYAH AUFA', NULL, 100, 'siswa', NULL, 123456, '2022-08-19 08:25:610'),
(612, 1, 5, 11430, 'NASYWA SYAKIRAH', NULL, 100, 'siswa', NULL, 123456, '2022-08-19 08:25:611'),
(613, 1, 5, 11431, 'NUR AINI', NULL, 100, 'siswa', NULL, 123456, '2022-08-19 08:25:612'),
(614, 1, 5, 11432, 'PASYA FIRMANSYAH', NULL, 100, 'siswa', NULL, 123456, '2022-08-19 08:25:613'),
(615, 1, 5, 11433, 'RAIHAN FAJRI', NULL, 100, 'siswa', NULL, 123456, '2022-08-19 08:25:614'),
(616, 1, 5, 11434, 'RETA PAULINA', NULL, 100, 'siswa', NULL, 123456, '2022-08-19 08:25:615'),
(617, 1, 5, 11435, 'SALIMATU SYA\'DIAH', NULL, 100, 'siswa', NULL, 123456, '2022-08-19 08:25:616'),
(618, 1, 5, 11436, 'SALMAN AL FARIZI', NULL, 100, 'siswa', NULL, 123456, '2022-08-19 08:25:617'),
(619, 1, 5, 11437, 'SALSABILA SHALFANA', NULL, 100, 'siswa', NULL, 123456, '2022-08-19 08:25:618'),
(620, 1, 5, 11438, 'SALWA FAIZAH ASSYIFA', NULL, 100, 'siswa', NULL, 123456, '2022-08-19 08:25:619'),
(621, 1, 5, 11439, 'SELA CAHYANI', NULL, 100, 'siswa', NULL, 123456, '2022-08-19 08:25:620'),
(622, 1, 5, 11440, 'VINA NAILATUL ALWI', NULL, 100, 'siswa', NULL, 123456, '2022-08-19 08:25:621'),
(623, 1, 5, 11441, 'WILDATUL HANUN', NULL, 100, 'siswa', NULL, 123456, '2022-08-19 08:25:622'),
(624, 1, 5, 11442, 'ZAHRA SHABIRAH', NULL, 100, 'siswa', NULL, 123456, '2022-08-19 08:25:623'),
(625, 1, 10, 11443, 'AHMAD', NULL, 100, 'siswa', NULL, 123456, '2022-08-19 08:25:624'),
(626, 1, 10, 11444, 'AHMAD HASBI HASIDIKI', NULL, 100, 'siswa', NULL, 123456, '2022-08-19 08:25:625'),
(627, 1, 10, 11445, 'AHMAD SOPPIAN', NULL, 99, 'siswa', NULL, 123456, '2022-08-19 08:25:626'),
(628, 1, 10, 11446, 'AKHDAN NAUFAL SYAHPUTRA', NULL, 100, 'siswa', NULL, 123456, '2022-08-19 08:25:627'),
(629, 1, 10, 11447, 'ALIF ADYTIA RAENATA', NULL, 100, 'siswa', NULL, 123456, '2022-08-19 08:25:628'),
(630, 1, 10, 11448, 'ANDREANUS SONDIKA BUTAR-BUTAR', NULL, 100, 'siswa', NULL, 123456, '2022-08-19 08:25:629'),
(631, 1, 10, 11449, 'ASWAN MAULA AMANULLAH', NULL, 100, 'siswa', NULL, 123456, '2022-08-19 08:25:630'),
(632, 1, 10, 11450, 'AZKA AULIARAHMA', NULL, 100, 'siswa', NULL, 123456, '2022-08-19 08:25:631'),
(633, 1, 10, 11451, 'BALQIS NABILLA', NULL, 100, 'siswa', NULL, 123456, '2022-08-19 08:25:632'),
(634, 1, 10, 11452, 'DESTIAWAN SAPUTRA', NULL, 100, 'siswa', NULL, 123456, '2022-08-19 08:25:633'),
(635, 1, 10, 11453, 'DIMAS ALIF ARDIANSYAH', NULL, 100, 'siswa', NULL, 123456, '2022-08-19 08:25:634'),
(636, 1, 10, 11454, 'EKA NIA', NULL, 100, 'siswa', NULL, 123456, '2022-08-19 08:25:635'),
(637, 1, 10, 11455, 'EVELLYNE AZZAHRA', NULL, 100, 'siswa', NULL, 123456, '2022-08-19 08:25:636'),
(638, 1, 10, 11456, 'GALIH ARAFAT ADIPUTRA', NULL, 100, 'siswa', NULL, 123456, '2022-08-19 08:25:637'),
(639, 1, 10, 11457, 'HARRIS PRATAMA', NULL, 100, 'siswa', NULL, 123456, '2022-08-19 08:25:638'),
(640, 1, 10, 11458, 'KANIA SARASWATI SUMANTRI', NULL, 100, 'siswa', NULL, 123456, '2022-08-19 08:25:639'),
(641, 1, 10, 11459, 'LICHA JULIANTO', NULL, 100, 'siswa', NULL, 123456, '2022-08-19 08:25:640'),
(642, 1, 10, 11460, 'MARIA LOISHA FERNANDA MAJA SAWU', NULL, 100, 'siswa', NULL, 123456, '2022-08-19 08:25:641'),
(643, 1, 10, 11461, 'MUHAMAD REFI', NULL, 100, 'siswa', NULL, 123456, '2022-08-19 08:25:642'),
(644, 1, 10, 11462, 'MUHAMMAD HABIBULLAH MURSALIN', NULL, 100, 'siswa', NULL, 123456, '2022-08-19 08:25:643'),
(645, 1, 10, 11463, 'MUHAMMAD KA\'ANDRI', NULL, 99, 'siswa', NULL, 123456, '2022-08-19 08:25:644'),
(646, 1, 10, 11464, 'MUHAMMAD RIFKI JULIANTO', NULL, 100, 'siswa', NULL, 123456, '2022-08-19 08:25:645'),
(647, 1, 10, 11465, 'MUHAMMAD ZILDJIAN EKO RAMADHANI', NULL, 100, 'siswa', NULL, 123456, '2022-08-19 08:25:646'),
(648, 1, 10, 11466, 'NALITA AUDIA FITRI', NULL, 100, 'siswa', NULL, 123456, '2022-08-19 08:25:647'),
(649, 1, 10, 11467, 'NATASYA DIAH PALUPI', NULL, 100, 'siswa', NULL, 123456, '2022-08-19 08:25:648'),
(650, 1, 10, 11468, 'NAUFAL FEBRIANSYAH', NULL, 100, 'siswa', NULL, 123456, '2022-08-19 08:25:649'),
(651, 1, 10, 11469, 'NICO YUSUF SULISTYO', NULL, 100, 'siswa', NULL, 123456, '2022-08-19 08:25:650'),
(652, 1, 10, 11470, 'REFAH DIAS KURNIAWAN', NULL, 100, 'siswa', NULL, 123456, '2022-08-19 08:25:651'),
(653, 1, 10, 11471, 'RIDWAN INGRATUBUN', NULL, 100, 'siswa', NULL, 123456, '2022-08-19 08:25:652'),
(654, 1, 10, 11472, 'ROBIN MAINDRA', NULL, 99, 'siswa', NULL, 123456, '2022-08-19 08:25:653'),
(655, 1, 10, 11473, 'SEVILLA MAYSAH SALPIA', NULL, 100, 'siswa', NULL, 123456, '2022-08-19 08:25:654'),
(656, 1, 10, 11474, 'SHANDIKA PRATAMA', NULL, 100, 'siswa', NULL, 123456, '2022-08-19 08:25:655'),
(657, 1, 10, 11475, 'VIVIA ZERLINDAH', NULL, 99, 'siswa', NULL, 123456, '2022-08-19 08:25:656'),
(658, 1, 10, 11476, 'WILDAN', NULL, 99, 'siswa', NULL, 123456, '2022-08-19 08:25:657'),
(659, 1, 10, 11477, 'ZASKIA SIVA AYURA', NULL, 100, 'siswa', NULL, 123456, '2022-08-19 08:25:658'),
(660, 1, 10, 11478, 'ZIDANE ATHALLAH WINATA', NULL, 100, 'siswa', NULL, 123456, '2022-08-19 08:25:659');

-- --------------------------------------------------------

--
-- Struktur dari tabel `guru_pembina`
--

CREATE TABLE `guru_pembina` (
  `id_guru` int(11) NOT NULL,
  `nip` varchar(18) NOT NULL,
  `nama_guru` varchar(255) NOT NULL,
  `email` varchar(255) NOT NULL,
  `role` varchar(12) NOT NULL,
  `password` varchar(255) NOT NULL,
  `created_at` timestamp NOT NULL DEFAULT current_timestamp() ON UPDATE current_timestamp()
) ENGINE=InnoDB DEFAULT CHARSET=utf8mb4;

--
-- Dumping data untuk tabel `guru_pembina`
--

INSERT INTO `guru_pembina` (`id_guru`, `nip`, `nama_guru`, `email`, `role`, `password`, `created_at`) VALUES
(2, '1977022022211002', 'Irwan Saputra', 'saputra.one@gmail.com', 'admin', '1977022022211002', '2022-08-19 08:23:24');

-- --------------------------------------------------------

--
-- Struktur dari tabel `id_jurusan`
--

CREATE TABLE `id_jurusan` (
  `id_jurusan` int(2) DEFAULT NULL,
  `id_kelas` int(1) DEFAULT NULL,
  `kode_jurusan` varchar(6) DEFAULT NULL,
  `nama jurusan` varchar(39) DEFAULT NULL
) ENGINE=InnoDB DEFAULT CHARSET=utf8;

--
-- Dumping data untuk tabel `id_jurusan`
--

INSERT INTO `id_jurusan` (`id_jurusan`, `id_kelas`, `kode_jurusan`, `nama jurusan`) VALUES
(1, 1, 'AKL-1', 'Akuntansi dan Keuangan Lembaga'),
(2, 1, 'AKL-2', 'Akuntansi dan Keuangan Lembaga'),
(4, 1, 'BDP-1', 'Bisnis Daring dan Pemasaran'),
(5, 1, 'BDP-2', 'Bisnis Daring dan Pemasaran'),
(7, 1, 'OTKP-1', 'Otomatisasi dan Tata Kelola Perkantoran'),
(8, 1, 'OTKP-2', 'Otomatisasi dan Tata Kelola Perkantoran'),
(10, 1, 'RPL-1', 'Rekayasa Perangkat Lunak'),
(11, 1, 'RPL-2', 'Rekayasa Perangkat Lunak'),
(13, 2, 'AKL-1', 'Akuntansi dan Keuangan Lembaga'),
(14, 2, 'AKL-2', 'Akuntansi dan Keuangan Lembaga'),
(16, 2, 'BDP-1', 'Bisnis Daring dan Pemasaran'),
(17, 2, 'BDP-2', 'Bisnis Daring dan Pemasaran'),
(19, 2, 'OTKP-1', 'Otomatisasi dan Tata Kelola Perkantoran'),
(20, 2, 'OTKP-2', 'Otomatisasi dan Tata Kelola Perkantoran'),
(22, 2, 'RPL-1', 'Rekayasa Perangkat Lunak'),
(23, 2, 'RPL-2', 'Rekayasa Perangkat Lunak'),
(25, 3, 'AKL-1', 'Akuntansi dan Keuangan Lembaga'),
(26, 3, 'AKL-2', 'Akuntansi dan Keuangan Lembaga'),
(28, 3, 'BDP-1', 'Bisnis Daring dan Pemasaran'),
(29, 3, 'BDP-2', 'Bisnis Daring dan Pemasaran'),
(31, 3, 'OTKP-1', 'Otomatisasi dan Tata Kelola Perkantoran'),
(32, 3, 'OTKP-2', 'Otomatisasi dan Tata Kelola Perkantoran'),
(34, 3, 'RPL-1', 'Rekayasa Perangkat Lunak'),
(37, 3, 'RPL-2', 'Rekayasa Perangkat Lunak');

-- --------------------------------------------------------

--
-- Struktur dari tabel `id_kelas`
--

CREATE TABLE `id_kelas` (
  `id_kelas` int(1) DEFAULT NULL,
  `nama kelas` varchar(3) DEFAULT NULL
) ENGINE=InnoDB DEFAULT CHARSET=utf8;

--
-- Dumping data untuk tabel `id_kelas`
--

INSERT INTO `id_kelas` (`id_kelas`, `nama kelas`) VALUES
(1, 'X'),
(2, 'XI'),
(3, 'XII');

-- --------------------------------------------------------

--
-- Struktur dari tabel `jurusan`
--

CREATE TABLE `jurusan` (
  `id_jurusan` int(11) NOT NULL,
  `id_kelas` int(11) NOT NULL,
  `kode_jurusan` varchar(255) NOT NULL,
  `nama_jurusan` varchar(255) NOT NULL
) ENGINE=InnoDB DEFAULT CHARSET=utf8mb4;

--
-- Dumping data untuk tabel `jurusan`
--

INSERT INTO `jurusan` (`id_jurusan`, `id_kelas`, `kode_jurusan`, `nama_jurusan`) VALUES
(1, 1, 'AKL-1', 'Akuntasi dan Keuangan Lembaga'),
(2, 1, 'AKL-2', 'Akuntasi dan Keuangan Lembaga'),
(4, 1, 'BDP-1', 'Bisnis Daring dan Pemasaran'),
(5, 1, 'BDP-2', 'Bisnis Daring dan Pemasaran'),
(7, 1, 'OTKP-1', 'Otomatisasi Tata Kelola dan Perkantoran'),
(8, 1, 'OTKP-2', 'Otomatisasi Tata Kelola dan Perkantoran'),
(10, 1, 'RPL-1', 'Rekayasa Perangkat Lunak'),
(11, 1, 'RPL-2', 'Rekayasa Perangkat Lunak'),
(13, 2, 'AKL-1', 'Akuntasi dan Keuangan Lembaga'),
(14, 2, 'AKL-2', 'Akuntasi dan Keuangan Lembaga'),
(16, 2, 'BDP-1', 'Bisnis Daring dan Pemasaran'),
(17, 2, 'BDP-2', 'Bisnis Daring dan Pemasaran'),
(19, 2, 'OTKP-1', 'Otomatisasi Tata Kelola dan Perkantoran'),
(20, 2, 'OTKP-2', 'Otomatisasi Tata Kelola dan Perkantoran'),
(22, 2, 'RPL-1', 'Rekayasa Perangkat Lunak'),
(23, 2, 'RPL-2', 'Rekayasa Perangkat Lunak'),
(25, 3, 'AKL-1', 'Akuntasi dan Keuangan Lembaga'),
(26, 3, 'AKL-2', 'Akuntasi dan Keuangan Lembaga'),
(28, 3, 'BDP-1', 'Bisnis Daring dan Pemasaran'),
(29, 3, 'BDP-2', 'Bisnis Daring dan Pemasaran'),
(31, 3, 'OTKP-1', 'Otomatisasi Tata Kelola dan Perkantoran'),
(32, 3, 'OKTP-2', 'Otomatisasi Tata Kelola dan Perkantoran'),
(34, 3, 'RPL-1', 'Rekayasa Perangkat Lunak'),
(37, 3, 'RPL-2', 'Rekayasa Perangkat Lunak');

-- --------------------------------------------------------

--
-- Struktur dari tabel `kelas`
--

CREATE TABLE `kelas` (
  `id_kelas` int(11) NOT NULL,
  `nama_kelas` varchar(255) NOT NULL
) ENGINE=InnoDB DEFAULT CHARSET=utf8mb4;

--
-- Dumping data untuk tabel `kelas`
--

INSERT INTO `kelas` (`id_kelas`, `nama_kelas`) VALUES
(1, 'X'),
(2, 'XI'),
(3, 'XII');

-- --------------------------------------------------------

--
-- Struktur dari tabel `ket_pelanggaran`
--

CREATE TABLE `ket_pelanggaran` (
  `id_pelanggaran` int(11) NOT NULL,
  `jenis_pelanggaran` varchar(255) NOT NULL,
  `det_pelanggaran` varchar(255) NOT NULL,
  `poin_pelanggaran` int(2) NOT NULL,
  `created_at` timestamp NOT NULL DEFAULT current_timestamp() ON UPDATE current_timestamp()
) ENGINE=InnoDB DEFAULT CHARSET=utf8mb4;

--
-- Dumping data untuk tabel `ket_pelanggaran`
--

INSERT INTO `ket_pelanggaran` (`id_pelanggaran`, `jenis_pelanggaran`, `det_pelanggaran`, `poin_pelanggaran`, `created_at`) VALUES
(1, 'Keterlambatan', 'Siswa terlambat 1 - 10 menit', 1, '2022-08-03 03:18:59'),
(2, 'Keterlambatan', 'Siswa terlambat di atas 10 menit', 2, '2022-08-03 03:19:10'),
(3, 'pakaian', 'Siswa mengenakan pakaian diluar ketentuan seragam sekolah', 1, '2022-02-23 00:47:39'),
(4, 'pakaian', 'Saat olahraga siswa mengenakan baju olahraga bukan seragam olahraga SMKN 12', 1, '2022-02-23 00:49:05'),
(5, 'pakaian', 'Siswa mengenakan sepatu bukan warna hitam polos sebagaimana telah ditentukan sekolah', 1, '2022-02-23 00:50:49'),
(6, 'pakaian', 'Siswa mengenakan pakaian yang seronok yang sangat bertentangan dengan norma, agama, etika dan sopan santun', 1, '2022-02-23 00:51:36'),
(7, 'upacara', 'Siswa tidak mengikuti upacara bendera tanpa keterangan, baik pada hari senin maupun hari besar/Nasional', 5, '2022-02-23 00:54:34'),
(8, 'upacara', 'Siswa terlambat mengikuti upacara', 1, '2022-02-23 00:55:10'),
(9, 'upacara', 'Siswa tidak mengenakan seragam lengkap sesuai ketentuan sekolah', 1, '2022-02-23 00:56:04'),
(10, 'upacara', 'Siswa tidak tertib mengikuti upacara (ngobrol, duduk-duduk, dll)', 1, '2022-02-23 00:56:42'),
(11, 'media elektronik', 'Mengaktifkan dan berkomunikasi baik SMS-an maupun telepon saat KBM berlangsung tanpa seijin guru dikelas / mata pelajaran', 5, '2022-02-23 00:59:22'),
(12, 'media elektronik', 'Mendengarkan lagu, pidato, ceramah, dll melalui media saat KBM berlangsung', 5, '2022-02-23 01:00:20'),
(13, 'aksesoris', 'Siswa memakai aksesoris yang berlebihan, seperti: anting di hidung dan di lidah', 10, '2022-02-23 01:02:12'),
(14, 'aksesoris', 'Menghiasi tubuh dengan tato', 10, '2022-02-23 01:02:44'),
(15, 'aksesoris', 'Mengecat kuku kaki dan tangan serta rambut', 3, '2022-02-23 01:03:03'),
(16, 'kehadiran', 'Siswa tidak hadir di sekolah tanpa keterangan 1x', 3, '2022-02-23 01:04:27'),
(17, 'kehadiran', 'Siswa tidak hadir di sekolah tanpa keterangan 2x', 5, '2022-02-23 01:04:57'),
(18, 'kehadiran', 'Siswa tidak hadir di sekolah tanpa keterangan 3x', 8, '2022-02-23 01:05:15'),
(19, 'kehadiran', 'Siswa meninggalkan KBM sebelum waktunya tanpa ijin guru mata pelajaran dari guru piket', 3, '2022-02-23 01:05:55'),
(20, 'kehadiran', 'Siswa berada di luar kelas tanpa ijin saat KBM', 3, '2022-02-23 01:06:23'),
(21, 'kehadiran', 'Siswa ijin keluar dari lingkungan sekolah tapi dengan mengendarai kendaraan bermotor', 3, '2022-02-23 01:07:02'),
(22, 'lingkungan sekolah', 'Siswa mengotori, mencoret-coret dan merusak sarana belajar di sekolah', 5, '2022-02-23 01:07:53'),
(23, 'lingkungan sekolah', 'Siswa membuang sampah bukan pada tempatnya di lingkungan sekolah', 3, '2022-02-23 01:08:20'),
(24, 'mencuri', 'Mengambil barang, benda atau uang bukan miliknya', 10, '2022-02-23 01:09:31'),
(25, 'mencuri', 'Mengambil barang, uang milik sekolah', 10, '2022-02-23 01:09:55'),
(26, 'mencuri', 'Mengambil barang atau uang milik bapak/ibu guru', 10, '2022-02-23 01:10:17'),
(27, 'mencuri', 'Mengambil uang dan barang milik teman di sekolah', 10, '2022-02-23 01:10:43'),
(28, 'merokok', 'Membawa rokok di lingkungan sekolah', 20, '2022-02-23 01:11:28'),
(29, 'merokok', 'Merokok di lingkungan sekolah', 30, '2022-02-23 01:11:48'),
(30, 'Pornografi', 'Membawa gambar, film, video yang bernuansa pornografi dan pornoaksi', 25, '2022-08-09 03:50:21'),
(31, 'pornografi', 'Membuka, menonton situs porno di sekolah', 30, '2022-02-23 01:13:08'),
(32, 'pornografi', 'Melakukan tindakan yang mengarah pornografi dan pornoaksi', 30, '2022-02-23 01:13:36'),
(33, 'pornografi', 'Berbuat asusila (pornografi) dan direkam serta disebarluaskan', 100, '2022-02-23 01:14:08'),
(34, 'senjata tajam', 'Membawa senjata tajam yang dapat mengancam keselamatan dirinya dan orang lain', 60, '2022-02-23 01:15:08'),
(35, 'perkelahian / tawuran', 'Tawuran dengan siswa sekolah lain di lingkungan sekolah', 100, '2022-02-23 01:15:49'),
(36, 'narkoba / miras', 'Membawa dan mengedarkan narkoba', 100, '2022-02-23 01:16:35'),
(37, 'nerkoba / miras', 'Mengkonsumsi narkoba', 100, '2022-02-23 01:16:57'),
(38, 'kepribadian', 'Melawan guru secara fisik', 100, '2022-02-23 01:17:15'),
(39, 'kepribadian', 'Melawan guru dengan kata-kata', 50, '2022-02-23 01:17:37'),
(40, 'kepribadian', 'Mencermakan nama baik guru', 50, '2022-02-23 01:17:58'),
(41, 'kepribadian', 'Mencemarkan nama baik sekolah', 50, '2022-02-23 01:18:25'),
(42, 'kepribadian', 'Siswa memalsukan tanda tangan kepala sekolah, guru, dan orang tua', 60, '2022-02-23 01:19:06');

-- --------------------------------------------------------

--
-- Struktur dari tabel `ket_prestasi`
--

CREATE TABLE `ket_prestasi` (
  `id_prestasi` int(11) NOT NULL,
  `det_prestasi` varchar(255) NOT NULL,
  `poin_prestasi` int(3) NOT NULL,
  `waktu_dibuat` timestamp NOT NULL DEFAULT current_timestamp() ON UPDATE current_timestamp()
) ENGINE=InnoDB DEFAULT CHARSET=utf8mb4;

--
-- Dumping data untuk tabel `ket_prestasi`
--

INSERT INTO `ket_prestasi` (`id_prestasi`, `det_prestasi`, `poin_prestasi`, `waktu_dibuat`) VALUES
(2, 'Juara Kelas 1-2-3', 10, '2022-08-08 04:28:42'),
(3, 'Juara Tingkat Wilayah JAKUT 1-2-3', 25, '2022-08-08 04:19:07'),
(4, 'Juara Tingkat Wilayah Provinsi DKI Jakarta 1-2-3', 50, '2022-08-08 04:19:33'),
(5, 'Juara Tingkat Nasional 1-2-3', 80, '2022-08-08 04:19:47'),
(6, 'Juara Tingkat Internasional', 100, '2022-08-08 04:20:00');

-- --------------------------------------------------------

--
-- Struktur dari tabel `komponen`
--

CREATE TABLE `komponen` (
  `id_komponen` int(11) NOT NULL,
  `nama_komponen` varchar(100) NOT NULL,
  `isi_komponen` varchar(255) NOT NULL
) ENGINE=InnoDB DEFAULT CHARSET=utf8mb4;

--
-- Dumping data untuk tabel `komponen`
--

INSERT INTO `komponen` (`id_komponen`, `nama_komponen`, `isi_komponen`) VALUES
(1, 'login_carousel', 'jett.jpg,logo.jpg,sage.png,valorant-omen-4k-v9-1920x1080.jpg,viper-valorant-game-4k-cp-1920x1080.jpg'),
(2, 'foto_index', 'LOGO SMKN 12.png');

-- --------------------------------------------------------

--
-- Struktur dari tabel `pelanggaran_siswa`
--

CREATE TABLE `pelanggaran_siswa` (
  `id_pelanggaran_siswa` int(11) NOT NULL,
  `id_pelanggar` int(11) NOT NULL,
  `id_pelapor` varchar(18) NOT NULL,
  `id_pelanggaran` varchar(50) NOT NULL,
  `poin_berkurang` int(11) NOT NULL,
  `waktu_pelanggaran` date NOT NULL
) ENGINE=InnoDB DEFAULT CHARSET=utf8mb4;

-- --------------------------------------------------------

--
-- Struktur dari tabel `prestasi`
--

CREATE TABLE `prestasi` (
  `id_prestasi` int(11) NOT NULL,
  `id_siswa` int(11) NOT NULL,
  `ket` varchar(255) NOT NULL,
  `tgl_prestasi` date NOT NULL,
  `bukti` varchar(100) NOT NULL
) ENGINE=InnoDB DEFAULT CHARSET=utf8mb4;

-- --------------------------------------------------------

--
-- Struktur dari tabel `prestasi_siswa`
--

CREATE TABLE `prestasi_siswa` (
  `id_prestasi_siswa` int(11) NOT NULL,
  `id_siswa` int(11) NOT NULL,
  `id_prestasi` int(11) NOT NULL,
  `poin_bertambah` int(3) NOT NULL,
  `tgl_prestasi` date NOT NULL,
  `bukti` varchar(255) NOT NULL,
  `waktu_pelaporan` timestamp NOT NULL DEFAULT current_timestamp() ON UPDATE current_timestamp()
) ENGINE=InnoDB DEFAULT CHARSET=utf8mb4;

--
-- Dumping data untuk tabel `prestasi_siswa`
--

INSERT INTO `prestasi_siswa` (`id_prestasi_siswa`, `id_siswa`, `id_prestasi`, `poin_bertambah`, `tgl_prestasi`, `bukti`, `waktu_pelaporan`) VALUES
(1, 173, 3, 25, '2022-08-19', '62ff4f452caf0.docx', '2022-08-19 08:52:21');

-- --------------------------------------------------------

--
-- Struktur dari tabel `role`
--

CREATE TABLE `role` (
  `role` varchar(5) DEFAULT NULL
) ENGINE=InnoDB DEFAULT CHARSET=utf8;

--
-- Dumping data untuk tabel `role`
--

INSERT INTO `role` (`role`) VALUES
('osis'),
('siswa'),
('guru');

-- --------------------------------------------------------

--
-- Struktur dari tabel `siswa`
--

CREATE TABLE `siswa` (
  `id_siswa` int(11) NOT NULL,
  `id_kelas` int(11) NOT NULL,
  `id_jurusan` int(11) NOT NULL,
  `nis` int(5) NOT NULL,
  `nama_siswa` varchar(255) NOT NULL,
  `email` varchar(255) DEFAULT NULL,
  `jmlh_poin` int(3) NOT NULL,
  `role` varchar(5) NOT NULL,
  `foto` varchar(255) DEFAULT NULL,
  `password` varchar(255) NOT NULL,
  `created_at` timestamp NOT NULL DEFAULT current_timestamp() ON UPDATE current_timestamp()
) ENGINE=InnoDB DEFAULT CHARSET=utf8mb4;

--
-- Dumping data untuk tabel `siswa`
--

INSERT INTO `siswa` (`id_siswa`, `id_kelas`, `id_jurusan`, `nis`, `nama_siswa`, `email`, `jmlh_poin`, `role`, `foto`, `password`, `created_at`) VALUES
(1, 3, 25, 11001, 'ADCHIKA AULIA IZZATI', '', 100, 'siswa', '', '123456', '2022-08-19 01:25:00'),
(2, 3, 25, 10749, 'AISYAH NAYLA RAHMA', '', 100, 'siswa', '', '123456', '2022-08-19 01:25:01'),
(3, 3, 25, 11002, 'ALYA RAHMAWATI LAGATARI', '', 99, 'siswa', '', '123456', '2022-08-19 01:25:02'),
(4, 3, 25, 11003, 'ANGELICA BONIERA TAMPUBOLON', '', 100, 'siswa', '', '123456', '2022-08-19 01:25:03'),
(5, 3, 25, 11250, 'ANISA RAHMALIA', '', 100, 'siswa', '', '123456', '2022-08-19 01:25:04'),
(6, 3, 25, 10751, 'DEVINA AYU ANDIRO', '', 100, 'siswa', '', '123456', '2022-08-19 01:25:05'),
(7, 3, 25, 10752, 'DEWI SALSABILLA IBRAHIM', '', 100, 'siswa', '', '123456', '2022-08-19 01:25:06'),
(8, 3, 25, 10753, 'DHEA FEBIOLA', '', 100, 'siswa', '', '123456', '2022-08-19 01:25:07'),
(9, 3, 25, 10754, 'DIVA NURHAYATI', '', 98, 'siswa', '', '123456', '2022-08-19 01:25:08'),
(10, 3, 25, 10755, 'DWI RISMA MEIDINA INDRIYANTI', '', 99, 'siswa', '', '123456', '2022-08-19 01:25:09'),
(11, 3, 25, 10756, 'FATIMAH AZETVICA', '', 99, 'siswa', '', '123456', '2022-08-19 01:25:10'),
(12, 3, 25, 10758, 'GABRIEL INTAN NUGRAHENI NOPITASARI', '', 100, 'siswa', '', '123456', '2022-08-19 01:25:11'),
(13, 3, 25, 10760, 'HILDA WALIMATUS SA\'DIYAH', '', 100, 'siswa', '', '123456', '2022-08-19 01:25:12'),
(14, 3, 25, 10761, 'INDAH ROSIDANINGSIH', '', 99, 'siswa', '', '123456', '2022-08-19 01:25:13'),
(15, 3, 25, 10763, 'KHOIRUNISA SABILA AL\'ZAHRO', '', 99, 'siswa', '', '123456', '2022-08-19 01:25:14'),
(16, 3, 25, 10764, 'KUMAEROH', '', 99, 'siswa', '', '123456', '2022-08-19 01:25:15'),
(17, 3, 25, 10765, 'MEGA PRATIWI', '', 100, 'siswa', '', '123456', '2022-08-19 01:25:16'),
(18, 3, 25, 10766, 'MELISA MAKASAEHE', '', 98, 'siswa', '', '123456', '2022-08-19 01:25:17'),
(19, 3, 25, 10768, 'MONICA APRILIA SINAGA', '', 96, 'siswa', '', '123456', '2022-08-19 01:25:18'),
(20, 3, 25, 10771, 'NUR KHOLISAH', '', 100, 'siswa', '', '123456', '2022-08-19 01:25:19'),
(21, 3, 25, 10772, 'NURHAYATI', '', 100, 'siswa', '', '123456', '2022-08-19 01:25:20'),
(22, 3, 25, 10773, 'PINKAN KARTIKA SARI', '', 99, 'siswa', '', '123456', '2022-08-19 01:25:21'),
(23, 3, 25, 10774, 'PUTRI SUSILOWATY', '', 100, 'siswa', '', '123456', '2022-08-19 01:25:22'),
(24, 3, 25, 10775, 'RAIHAN MAULANA', '', 96, 'siswa', '', '123456', '2022-08-19 01:25:23'),
(25, 3, 25, 10776, 'RANI NURHAJATI RAHARJO', '', 100, 'siswa', '', '123456', '2022-08-19 01:25:24'),
(26, 3, 25, 10777, 'RAWILDA ANGGEL LINA', '', 99, 'siswa', '', '123456', '2022-08-19 01:25:25'),
(27, 3, 25, 10778, 'RIZKI WIRANGGA', '', 97, 'siswa', '', '123456', '2022-08-19 01:25:26'),
(28, 3, 25, 10815, 'SALSABILLA ALTIARA', '', 100, 'siswa', '', '123456', '2022-08-19 01:25:27'),
(29, 3, 25, 10779, 'SISKA MABRUROZI AMEILIA', '', 100, 'siswa', '', '123456', '2022-08-19 01:25:28'),
(30, 3, 25, 11251, 'SALOMO GERALD AMUDI MANURUNG', '', 100, 'siswa', '', '123456', '2022-08-19 01:25:29'),
(31, 3, 25, 10781, 'SYAHLA\' QOTRUNNADA', '', 100, 'siswa', '', '123456', '2022-08-19 01:25:30'),
(32, 3, 25, 10782, 'TINA MEYLINA LAYASTANI', '', 97, 'siswa', '', '123456', '2022-08-19 01:25:31'),
(33, 3, 25, 10784, 'YUNI SAFITRI', '', 100, 'siswa', '', '123456', '2022-08-19 01:25:32'),
(34, 3, 26, 10785, 'ADIKA SEPTADA PUTRA', '', 99, 'siswa', '', '123456', '2022-08-19 01:25:33'),
(35, 3, 26, 10786, 'ADINDA SEKAR DELIMA', '', 99, 'siswa', '', '123456', '2022-08-19 01:25:34'),
(36, 3, 26, 10787, 'AGUSTIAYU NINGSIH', '', 97, 'siswa', '', '123456', '2022-08-19 01:25:35'),
(37, 3, 26, 10789, 'AMELIA RENITA', '', 100, 'siswa', '', '123456', '2022-08-19 01:25:36'),
(38, 3, 26, 11252, 'CHINTYA EVELIN PAKPAHAN', '', 100, 'siswa', '', '123456', '2022-08-19 01:25:37'),
(39, 3, 26, 10791, 'DESSY SYAHARANI', '', 99, 'siswa', '', '123456', '2022-08-19 01:25:38'),
(40, 3, 26, 10792, 'DEVANI AISKA MAULIDA ARTIWI PAHSYA', '', 100, 'siswa', '', '123456', '2022-08-19 01:25:39'),
(41, 3, 26, 10793, 'DWI APRILIANTI', '', 99, 'siswa', '', '123456', '2022-08-19 01:25:40'),
(42, 3, 26, 10795, 'HAPSARI TRIWULANDARI', '', 100, 'siswa', '', '123456', '2022-08-19 01:25:41'),
(43, 3, 26, 10796, 'HELEN FLORENZ BARUS', '', 100, 'siswa', '', '123456', '2022-08-19 01:25:42'),
(44, 3, 26, 10797, 'INTAN SILVIANA', '', 98, 'siswa', '', '123456', '2022-08-19 01:25:43'),
(45, 3, 26, 10762, 'IRSALINA', '', 99, 'siswa', '', '123456', '2022-08-19 01:25:44'),
(46, 3, 26, 10798, 'ISTIAZAH DAFFA NUR ALAM', '', 99, 'siswa', '', '123456', '2022-08-19 01:25:45'),
(47, 3, 26, 10799, 'ISTIQOMAH OKTAVIANI', '', 100, 'siswa', '', '123456', '2022-08-19 01:25:46'),
(48, 3, 26, 10800, 'KELVIN JOSHUA FRANSISKUS', '', 100, 'siswa', '', '123456', '2022-08-19 01:25:47'),
(49, 3, 26, 10801, 'KHARISMA NUR HALISA', '', 99, 'siswa', '', '123456', '2022-08-19 01:25:48'),
(50, 3, 26, 10802, 'KRIBLESITA TESA KARIRA ELIAS', '', 100, 'siswa', '', '123456', '2022-08-19 01:25:49'),
(51, 3, 26, 10803, 'LEDY PUTRI PRATAMA', '', 100, 'siswa', '', '123456', '2022-08-19 01:25:50'),
(52, 3, 26, 10804, 'MASSAYU DWI ARYANI', '', 100, 'siswa', '', '123456', '2022-08-19 01:25:51'),
(53, 3, 26, 11253, 'MUAHAMMAD ALFIAN RAMADHAN', '', 96, 'siswa', '', '123456', '2022-08-19 01:25:52'),
(54, 3, 26, 10805, 'MUHAMMAD RIZKI', '', 99, 'siswa', '', '123456', '2022-08-19 01:25:53'),
(55, 3, 26, 10806, 'NADITA DWI DAMAYANTI', '', 100, 'siswa', '', '123456', '2022-08-19 01:25:54'),
(56, 3, 26, 10807, 'NADYA FRANSISKA PURBA', '', 100, 'siswa', '', '123456', '2022-08-19 01:25:55'),
(57, 3, 26, 11254, 'NA\'ILA KARTIKA', '', 100, 'siswa', '', '123456', '2022-08-19 01:25:56'),
(58, 3, 26, 11255, 'NAILAH ULIMA YANSYAH', '', 99, 'siswa', '', '123456', '2022-08-19 01:25:57'),
(59, 3, 26, 10809, 'NUR HAKIM', '', 100, 'siswa', '', '123456', '2022-08-19 01:25:58'),
(60, 3, 26, 10810, 'NURHALIMAH', '', 100, 'siswa', '', '123456', '2022-08-19 01:25:59'),
(61, 3, 26, 10811, 'REVALINA AZAHRA PRINAWAN', '', 100, 'siswa', '', '123456', '0000-00-00 00:00:00'),
(62, 3, 26, 10812, 'RIA ANGELINA GULTOM', '', 99, 'siswa', '', '123456', '0000-00-00 00:00:00'),
(63, 3, 26, 10813, 'RUCHUL JIHAD ALFARISY', '', 100, 'siswa', '', '123456', '0000-00-00 00:00:00'),
(64, 3, 26, 10814, 'SALSABILA FITRI', '', 100, 'siswa', '', '123456', '0000-00-00 00:00:00'),
(65, 3, 26, 10816, 'SITI NURJANAH', '', 100, 'siswa', '', '123456', '0000-00-00 00:00:00'),
(66, 3, 26, 10817, 'SYARLA IMELIA AJIZAH PUTRI', '', 100, 'siswa', '', '123456', '0000-00-00 00:00:00'),
(67, 3, 26, 10818, 'TIARA HANIFA', '', 100, 'siswa', '', '123456', '0000-00-00 00:00:00'),
(68, 3, 26, 10819, 'VIKTO MARIFATULLOH', '', 99, 'siswa', '', '123456', '0000-00-00 00:00:00'),
(69, 3, 26, 10820, 'YENI PURNAMASARI', '', 99, 'siswa', '', '123456', '0000-00-00 00:00:00'),
(70, 3, 31, 10822, 'ANISA NURAENI', '', 100, 'siswa', '', '123456', '0000-00-00 00:00:00'),
(71, 3, 31, 10823, 'ARTA ULY BR NAINGGOLAN', '', 97, 'siswa', '', '123456', '0000-00-00 00:00:00'),
(72, 3, 31, 10824, 'ARZETY ARTIKA HERAWATI', '', 100, 'siswa', '', '123456', '0000-00-00 00:00:00'),
(73, 3, 31, 10825, 'AULIA MISBAH SAGITA', '', 100, 'siswa', '', '123456', '0000-00-00 00:00:00'),
(74, 3, 31, 10826, 'AURA BINTANG AZZAHRA', '', 99, 'siswa', '', '123456', '0000-00-00 00:00:00'),
(75, 3, 31, 10827, 'AYU SAFITRI', '', 100, 'siswa', '', '123456', '0000-00-00 00:00:00'),
(76, 3, 31, 10828, 'AZHARI MARDIANSYAH', '', 100, 'siswa', '', '123456', '0000-00-00 00:00:00'),
(77, 3, 31, 10829, 'CINDI NUR\'AINI', '', 100, 'siswa', '', '123456', '0000-00-00 00:00:00'),
(78, 3, 31, 10830, 'DAYANAH LAILA AZ-ZAHRA', '', 100, 'siswa', '', '123456', '0000-00-00 00:00:00'),
(79, 3, 31, 10831, 'DERRY PRIMA RAMADHAN', '', 100, 'siswa', '', '123456', '0000-00-00 00:00:00'),
(80, 3, 31, 10832, 'ELFRIDA PADMARINI', '', 100, 'siswa', '', '123456', '0000-00-00 00:00:00'),
(81, 3, 31, 10833, 'ERLINA AFIANTI', '', 100, 'siswa', '', '123456', '0000-00-00 00:00:00'),
(82, 3, 31, 10834, 'EVI APRIYANTI', '', 100, 'siswa', '', '123456', '0000-00-00 00:00:00'),
(83, 3, 31, 10835, 'FACHRUL', '', 99, 'siswa', '', '123456', '0000-00-00 00:00:00'),
(84, 3, 31, 10836, 'FELISIANA FIKASARI', '', 100, 'siswa', '', '123456', '0000-00-00 00:00:00'),
(85, 3, 31, 10838, 'GHEA SUCI CHAYANI', '', 100, 'siswa', '', '123456', '0000-00-00 00:00:00'),
(86, 3, 31, 10839, 'GLORY FILICIA MANURUNG', '', 98, 'siswa', '', '123456', '0000-00-00 00:00:00'),
(87, 3, 31, 10840, 'ILHAM BAGAS SATRIO', '', 100, 'siswa', '', '123456', '0000-00-00 00:00:00'),
(88, 3, 31, 10841, 'JUNITA AGNESIA', '', 100, 'siswa', '', '123456', '0000-00-00 00:00:00'),
(89, 3, 31, 10843, 'NAJAR MAULANA', '', 98, 'siswa', '', '123456', '0000-00-00 00:00:00'),
(90, 3, 31, 10844, 'NAZWA PUTRI PARASHATI', '', 99, 'siswa', '', '123456', '0000-00-00 00:00:00'),
(91, 3, 31, 10845, 'NUR NISWATUN KHASANAH', '', 99, 'siswa', '', '123456', '0000-00-00 00:00:00'),
(92, 3, 31, 10846, 'NURSABILAH', '', 98, 'siswa', '', '123456', '0000-00-00 00:00:00'),
(93, 3, 31, 10847, 'RAMADHANI ZARLEN', '', 100, 'siswa', '', '123456', '0000-00-00 00:00:00'),
(94, 3, 31, 10848, 'RASTRI CUCU OCTAVINDY', '', 99, 'siswa', '', '123456', '0000-00-00 00:00:00'),
(95, 3, 31, 10849, 'RICO PRATUSILO', '', 100, 'siswa', '', '123456', '0000-00-00 00:00:00'),
(96, 3, 31, 10631, 'SAPUTRA RONALDO', '', 97, 'siswa', '', '123456', '0000-00-00 00:00:00'),
(97, 3, 31, 10850, 'SARAH APRILYA', '', 100, 'siswa', '', '123456', '0000-00-00 00:00:00'),
(98, 3, 31, 10851, 'SELVY NAIRA SYAFNA', '', 100, 'siswa', '', '123456', '0000-00-00 00:00:00'),
(99, 3, 31, 10852, 'SISKA OKTAVIYAH', '', 99, 'siswa', '', '123456', '0000-00-00 00:00:00'),
(100, 3, 31, 10853, 'SITI NURHALISAH', '', 97, 'siswa', '', '123456', '0000-00-00 00:00:00'),
(101, 3, 31, 10854, 'TANIA', '', 100, 'siswa', '', '123456', '0000-00-00 00:00:00'),
(102, 3, 31, 10855, 'YENI ANGGRAINI', '', 100, 'siswa', '', '123456', '0000-00-00 00:00:00'),
(103, 3, 31, 10856, 'YULANDA APRILIANA', '', 100, 'siswa', '', '123456', '0000-00-00 00:00:00'),
(104, 3, 28, 10893, 'ALFIANA PERMATA SHOLEHA', '', 99, 'siswa', '', '123456', '0000-00-00 00:00:00'),
(105, 3, 28, 10894, 'ALYA ZAHRA SYADIA', '', 99, 'siswa', '', '123456', '0000-00-00 00:00:00'),
(106, 3, 28, 10895, 'ANDRE SAPUTRA', '', 100, 'siswa', '', '123456', '0000-00-00 00:00:00'),
(107, 3, 28, 10896, 'ANGELINA RAHIMA RAHMAN', '', 100, 'siswa', '', '123456', '0000-00-00 00:00:00'),
(108, 3, 28, 10897, 'ANNISA NASUTION', '', 97, 'siswa', '', '123456', '0000-00-00 00:00:00'),
(109, 3, 28, 10898, 'AUREL JESSIE MANUELA ARITONANG', '', 99, 'siswa', '', '123456', '0000-00-00 00:00:00'),
(110, 3, 28, 11006, 'CAHYA AMELIA', '', 98, 'siswa', '', '123456', '0000-00-00 00:00:00'),
(111, 3, 28, 10899, 'CLARA SURYANINGSIH CHANDRA', '', 100, 'siswa', '', '123456', '0000-00-00 00:00:00'),
(112, 3, 28, 11007, 'CRISTINE EUNIKE SIBUEA', '', 99, 'siswa', '', '123456', '0000-00-00 00:00:00'),
(113, 3, 28, 10900, 'CUT SABENA ATIKA', '', 100, 'siswa', '', '123456', '0000-00-00 00:00:00'),
(114, 3, 28, 10901, 'DESTRIYANA', '', 100, 'siswa', '', '123456', '0000-00-00 00:00:00'),
(115, 3, 28, 10902, 'ELFRIDA NATANIA MEOKO', '', 100, 'siswa', '', '123456', '0000-00-00 00:00:00'),
(116, 3, 28, 10903, 'FARAH RATNA KUSUMA', '', 100, 'siswa', '', '123456', '0000-00-00 00:00:00'),
(117, 3, 28, 10904, 'FATIMAH MAKOM MAHMUDA', '', 100, 'siswa', '', '123456', '0000-00-00 00:00:00'),
(118, 3, 28, 10905, 'FRISCA AMELIA ATMAJA', '', 100, 'siswa', '', '123456', '0000-00-00 00:00:00'),
(119, 3, 28, 10907, 'HAWA YUNITA', '', 100, 'siswa', '', '123456', '0000-00-00 00:00:00'),
(120, 3, 28, 10908, 'HIDAYATINNISA', '', 100, 'siswa', '', '123456', '0000-00-00 00:00:00'),
(121, 3, 28, 10909, 'HOSNA', '', 100, 'siswa', '', '123456', '0000-00-00 00:00:00'),
(122, 3, 28, 10910, 'IZZATINNISA', '', 100, 'siswa', '', '123456', '0000-00-00 00:00:00'),
(123, 3, 28, 10912, 'JEANEAWATI SHINTA DEWI', '', 100, 'siswa', '', '123456', '0000-00-00 00:00:00'),
(124, 3, 28, 10913, 'LUTFI IKHWAN FIRDAUS', '', 100, 'siswa', '', '123456', '0000-00-00 00:00:00'),
(125, 3, 28, 10915, 'MOCHAMMAD FERNANDA', '', 100, 'siswa', '', '123456', '0000-00-00 00:00:00'),
(126, 3, 28, 10916, 'NAZWA SYAUQINA', '', 100, 'siswa', '', '123456', '0000-00-00 00:00:00'),
(127, 3, 28, 10919, 'RIFA ALIFIA', '', 100, 'siswa', '', '123456', '0000-00-00 00:00:00'),
(128, 3, 28, 11008, 'RINJANI PURNAMA PUTRI ', '', 100, 'siswa', '', '123456', '0000-00-00 00:00:00'),
(129, 3, 28, 10920, 'RISKAH FEBRIYANTI PUTRI', '', 100, 'siswa', '', '123456', '0000-00-00 00:00:00'),
(130, 3, 28, 10921, 'SA`ADIYAH', '', 100, 'siswa', '', '123456', '0000-00-00 00:00:00'),
(131, 3, 28, 10922, 'SALSABILA SABRINA PUTRI', '', 100, 'siswa', '', '123456', '0000-00-00 00:00:00'),
(132, 3, 28, 10923, 'SEKAR ADELIYA PUTRI', '', 100, 'siswa', '', '123456', '0000-00-00 00:00:00'),
(133, 3, 28, 10924, 'SHELA VARENTINA', '', 100, 'siswa', '', '123456', '0000-00-00 00:00:00'),
(134, 3, 28, 11256, 'SULTON MAULANA IZA', '', 100, 'siswa', '', '123456', '0000-00-00 00:00:00'),
(135, 3, 28, 10925, 'TIEFANNY', '', 100, 'siswa', '', '123456', '0000-00-00 00:00:00'),
(136, 3, 28, 10926, 'TRI SURYANINGSIH', '', 100, 'siswa', '', '123456', '0000-00-00 00:00:00'),
(137, 3, 28, 10927, 'VALDA WANOZA', '', 100, 'siswa', '', '123456', '0000-00-00 00:00:00'),
(138, 3, 29, 10930, 'ANGELINE WIRA ROSSALINAH', '', 100, 'siswa', '', '123456', '0000-00-00 00:00:00'),
(139, 3, 29, 10932, 'AZIZA RAMADHANI', '', 100, 'siswa', '', '123456', '0000-00-00 00:00:00'),
(140, 3, 29, 10933, 'BULAN DWI CAHYANI', '', 100, 'siswa', '', '123456', '0000-00-00 00:00:00'),
(141, 3, 29, 10934, 'CINTA PUTRI SALEHA', '', 100, 'siswa', '', '123456', '0000-00-00 00:00:00'),
(142, 3, 29, 10935, 'DEVI SIHANTUVI', '', 100, 'siswa', '', '123456', '0000-00-00 00:00:00'),
(143, 3, 29, 11257, 'DIVANY HANA ZAHRA', '', 100, 'siswa', '', '123456', '0000-00-00 00:00:00'),
(144, 3, 29, 11009, 'FANNISA ZUKHRUFA IRFIANI', '', 100, 'siswa', '', '123456', '0000-00-00 00:00:00'),
(145, 3, 29, 10938, 'FATIMAH AZZAHRA', '', 100, 'siswa', '', '123456', '0000-00-00 00:00:00'),
(146, 3, 29, 10939, 'FRISHELA IRDANIYAH AZHAR', '', 100, 'siswa', '', '123456', '0000-00-00 00:00:00'),
(147, 3, 29, 11010, 'GHEFIRA AURELIA AZZAHRA', '', 100, 'siswa', '', '123456', '0000-00-00 00:00:00'),
(148, 3, 29, 10940, 'HALIMATUL LATHIFAH', '', 100, 'siswa', '', '123456', '0000-00-00 00:00:00'),
(149, 3, 29, 10941, 'HANA SAFIRA', '', 100, 'siswa', '', '123456', '0000-00-00 00:00:00'),
(150, 3, 29, 10942, 'HILDA MUFTIHATUL AULIA', '', 100, 'siswa', '', '123456', '0000-00-00 00:00:00'),
(151, 3, 29, 10943, 'HILDA SALBILAH', '', 100, 'siswa', '', '123456', '0000-00-00 00:00:00'),
(152, 3, 29, 10944, 'JAMIATUN HODIJAH', '', 100, 'siswa', '', '123456', '0000-00-00 00:00:00'),
(153, 3, 29, 10945, 'MELINDA RACHMAWATI', '', 100, 'siswa', '', '123456', '0000-00-00 00:00:00'),
(154, 3, 29, 10946, 'MIFTA KHULHUSNA', '', 100, 'siswa', '', '123456', '0000-00-00 00:00:00'),
(155, 3, 29, 10947, 'MITA AULIA DINICA', '', 100, 'siswa', '', '123456', '0000-00-00 00:00:00'),
(156, 3, 29, 11011, 'MUHAMMAD YUSUF MUNAWAR SADAT', '', 100, 'siswa', '', '123456', '0000-00-00 00:00:00'),
(157, 3, 29, 10948, 'NABILA MARDIANA S', '', 100, 'siswa', '', '123456', '0000-00-00 00:00:00'),
(158, 3, 29, 10949, 'NAILAH RAESYAH', '', 100, 'siswa', '', '123456', '0000-00-00 00:00:00'),
(159, 3, 29, 10950, 'NATASYA STEVANI GABRIELLE TINENDENG', '', 100, 'siswa', '', '123456', '0000-00-00 00:00:00'),
(160, 3, 29, 10951, 'NAYRA PERMATA SADHIVA', '', 100, 'siswa', '', '123456', '0000-00-00 00:00:00'),
(161, 3, 29, 10952, 'NILAM MUTIARA CAHAYANI', '', 100, 'siswa', '', '123456', '0000-00-00 00:00:00'),
(162, 3, 29, 10953, 'NISA DWI JULIANI', '', 100, 'siswa', '', '123456', '0000-00-00 00:00:00'),
(163, 3, 29, 10954, 'NURHALIZA OKTAVIANI', '', 100, 'siswa', '', '123456', '0000-00-00 00:00:00'),
(164, 3, 29, 10955, 'RAFIDA TASYA ANANDADILA', '', 100, 'siswa', '', '123456', '0000-00-00 00:00:00'),
(165, 3, 29, 10956, 'RAHMAWATI ALIPIA ZAHRA', '', 100, 'siswa', '', '123456', '0000-00-00 00:00:00'),
(166, 3, 29, 10957, 'SEROJA PUTRI KARTIKA', '', 100, 'siswa', '', '123456', '0000-00-00 00:00:00'),
(167, 3, 29, 10958, 'SUSANI', '', 100, 'siswa', '', '123456', '0000-00-00 00:00:00'),
(168, 3, 29, 10959, 'SYIFA AZZAHRA ALAM PUTRI', '', 100, 'siswa', '', '123456', '0000-00-00 00:00:00'),
(169, 3, 29, 10960, 'TRI UTAMI YANTI', '', 100, 'siswa', '', '123456', '0000-00-00 00:00:00'),
(170, 3, 29, 10961, 'ULWA YULIA HAFSOH', '', 100, 'siswa', '', '123456', '0000-00-00 00:00:00'),
(171, 3, 29, 10962, 'VANIA PUTRI KHAIRUNISA', '', 100, 'siswa', '', '123456', '0000-00-00 00:00:00'),
(172, 3, 34, 10964, 'AKHIRA KUSUMASTUTI', '', 99, 'siswa', '', '123456', '0000-00-00 00:00:00'),
(173, 3, 34, 10965, 'ALBERT CHRISTIAN DARWIN', '', 123, 'admin', '', '123456', '2022-08-19 08:52:21'),
(174, 3, 34, 10966, 'ALVARO MUYASSAR', '', 100, 'siswa', '', '123456', '0000-00-00 00:00:00'),
(175, 3, 34, 10968, 'ANDRYAN SAPUTRA', '', 100, 'siswa', '', '123456', '0000-00-00 00:00:00'),
(176, 3, 34, 11258, 'ARDI PRATOMO', '', 100, 'siswa', '', '123456', '0000-00-00 00:00:00'),
(177, 3, 34, 10969, 'ARIF AMMAR SYA`BANI', '', 100, 'siswa', '', '123456', '0000-00-00 00:00:00'),
(178, 3, 34, 10970, 'BAYU PERMANA', '', 100, 'siswa', '', '123456', '0000-00-00 00:00:00'),
(179, 3, 34, 10971, 'DAFA MAULANA', '', 100, 'siswa', '', '123456', '0000-00-00 00:00:00'),
(180, 3, 34, 10972, 'DAVID SAM LIMBONG', '', 100, 'siswa', '', '123456', '0000-00-00 00:00:00'),
(181, 3, 34, 10973, 'DENNIS MONTERO PANKRATOV', '', 100, 'siswa', '', '123456', '0000-00-00 00:00:00'),
(182, 3, 34, 10974, 'EKKY FEBRIAN', '', 100, 'siswa', '', '123456', '0000-00-00 00:00:00'),
(183, 3, 34, 10975, 'FACHRI PRATAMA SUNARTO', '', 100, 'siswa', '', '123456', '0000-00-00 00:00:00'),
(184, 3, 34, 10976, 'FAJRI ABABIL PAWA', '', 100, 'siswa', '', '123456', '0000-00-00 00:00:00'),
(185, 3, 34, 10977, 'GALLIANO', '', 100, 'siswa', '', '123456', '0000-00-00 00:00:00'),
(186, 3, 34, 10979, 'KHAYLIA PUSPITA ANJANI', '', 100, 'siswa', '', '123456', '0000-00-00 00:00:00'),
(187, 3, 34, 10980, 'KIRAN SHABRINA', '', 100, 'siswa', '', '123456', '0000-00-00 00:00:00'),
(188, 3, 34, 10981, 'MOCHAMMAD FARHAN ARYASUTA', '', 100, 'siswa', '', '123456', '0000-00-00 00:00:00'),
(189, 3, 34, 10982, 'MUHAMMAD ARYA FAIQ', '', 100, 'siswa', '', '123456', '0000-00-00 00:00:00'),
(190, 3, 34, 10983, 'MUHAMMAD GIFFARY', '', 100, 'siswa', '', '123456', '0000-00-00 00:00:00'),
(191, 3, 34, 10985, 'MUHAMMAD RIZAL ANDITAMA NUGRAHA', '', 100, 'siswa', '', '123456', '0000-00-00 00:00:00'),
(192, 3, 34, 10987, 'MUKHAMMAD MAULANA M IBRAHIM', '', 100, 'siswa', '', '123456', '0000-00-00 00:00:00'),
(193, 3, 34, 10988, 'NAJLA DAMAYANTI', '', 100, 'siswa', '', '123456', '0000-00-00 00:00:00'),
(194, 3, 34, 10990, 'REKHA SAFIRA', '', 100, 'siswa', '', '123456', '0000-00-00 00:00:00'),
(195, 3, 34, 10991, 'RIFKI AKBAR', '', 100, 'siswa', '', '123456', '0000-00-00 00:00:00'),
(196, 3, 34, 10992, 'SALISHA SAFA NIKMAH', '', 100, 'siswa', '', '123456', '0000-00-00 00:00:00'),
(197, 3, 34, 10993, 'SANDI PERMANA', '', 100, 'siswa', '', '123456', '0000-00-00 00:00:00'),
(198, 3, 34, 10996, 'YAKOBUS ARDOTA', '', 100, 'siswa', '', '123456', '0000-00-00 00:00:00'),
(199, 3, 34, 10997, 'ZAHRA NASYWA ZAIN', '', 100, 'siswa', '', '123456', '0000-00-00 00:00:00'),
(200, 3, 34, 10998, 'ZIKRA FADLILAH ALDA', '', 100, 'siswa', '', '123456', '0000-00-00 00:00:00'),
(201, 2, 13, 11012, 'ABDUL RAHMAN', '', 100, 'siswa', '', '123456', '0000-00-00 00:00:00'),
(202, 2, 13, 11013, 'ALFIA NABILA PUTRI', '', 100, 'siswa', '', '123456', '0000-00-00 00:00:00'),
(203, 2, 13, 11014, 'ANDREA TEVY LITUHAYU LAMA DUA', '', 100, 'siswa', '', '123456', '0000-00-00 00:00:00'),
(204, 2, 13, 11015, 'ARTA GABRIELA', '', 100, 'siswa', '', '123456', '0000-00-00 00:00:00'),
(205, 2, 13, 10750, 'BUNGA DAMAYANTI', '', 100, 'siswa', '', '123456', '0000-00-00 00:00:00'),
(206, 2, 13, 11016, 'CHELSEA OLIVIA SINURAT', '', 100, 'siswa', '', '123456', '0000-00-00 00:00:00'),
(207, 2, 13, 11017, 'DESTA TRI ANDINI', '', 100, 'siswa', '', '123456', '0000-00-00 00:00:00'),
(208, 2, 13, 11018, 'DWI NOVIANTI', '', 100, 'siswa', '', '123456', '0000-00-00 00:00:00'),
(209, 2, 13, 11019, 'ELZA TRI WAHYUNI', '', 100, 'siswa', '', '123456', '0000-00-00 00:00:00'),
(210, 2, 13, 11020, 'FATIMAH AZZAHRA', '', 100, 'siswa', '', '123456', '0000-00-00 00:00:00'),
(211, 2, 13, 11021, 'FITRI AULIA', '', 100, 'siswa', '', '123456', '0000-00-00 00:00:00'),
(212, 2, 13, 11022, 'FITRI AYU SABILA', '', 100, 'siswa', '', '123456', '0000-00-00 00:00:00'),
(213, 2, 13, 11260, 'HESTI HERAWATI', '', 100, 'siswa', '', '123456', '0000-00-00 00:00:00'),
(214, 2, 13, 11023, 'KURROTUL AINI', '', 100, 'siswa', '', '123456', '0000-00-00 00:00:00'),
(215, 2, 13, 11024, 'LIA FEBRI YANI', '', 100, 'siswa', '', '123456', '0000-00-00 00:00:00'),
(216, 2, 13, 11025, 'M. ABFATHIR AMARUDIN', '', 100, 'siswa', '', '123456', '0000-00-00 00:00:00'),
(217, 2, 13, 11026, 'MAYZA NUSA BILLA', '', 100, 'siswa', '', '123456', '0000-00-00 00:00:00'),
(218, 2, 13, 11027, 'MINARTI', '', 100, 'siswa', '', '123456', '0000-00-00 00:00:00'),
(219, 2, 13, 11028, 'NABILA ZEINI', '', 100, 'siswa', '', '123456', '0000-00-00 00:00:00'),
(220, 2, 13, 11029, 'NAFRA FAUZIAH AMANDA', '', 100, 'siswa', '', '123456', '0000-00-00 00:00:00'),
(221, 2, 13, 10808, 'NAJMAH RATU AULYA', '', 100, 'siswa', '', '123456', '0000-00-00 00:00:00'),
(222, 2, 13, 11030, 'NAZWATU RAHMA', '', 100, 'siswa', '', '123456', '0000-00-00 00:00:00'),
(223, 2, 13, 11031, 'NILAM SARI', '', 100, 'siswa', '', '123456', '0000-00-00 00:00:00'),
(224, 2, 13, 11032, 'NUR AINI', '', 100, 'siswa', '', '123456', '0000-00-00 00:00:00'),
(225, 2, 13, 11033, 'OKTAVIARA PRIYALINGGA', '', 100, 'siswa', '', '123456', '0000-00-00 00:00:00'),
(226, 2, 13, 11034, 'RISMAH DWI UTAMI', '', 100, 'siswa', '', '123456', '0000-00-00 00:00:00'),
(227, 2, 13, 11261, 'ROHMAT AL QODRI', '', 100, 'siswa', '', '123456', '0000-00-00 00:00:00'),
(228, 2, 13, 11035, 'ROSITA', '', 100, 'siswa', '', '123456', '0000-00-00 00:00:00'),
(229, 2, 13, 11036, 'SARI AFRILIAN PUTRIE ARDIANI', '', 100, 'siswa', '', '123456', '0000-00-00 00:00:00'),
(230, 2, 13, 11037, 'SELLA APRILLIA', '', 100, 'siswa', '', '123456', '0000-00-00 00:00:00'),
(231, 2, 13, 11038, 'SHERLY ULIANTY', '', 100, 'siswa', '', '123456', '0000-00-00 00:00:00'),
(232, 2, 13, 11039, 'SINTIA SARI', '', 100, 'siswa', '', '123456', '0000-00-00 00:00:00'),
(233, 2, 13, 11041, 'SUSI INDRAYANI', '', 100, 'siswa', '', '123456', '0000-00-00 00:00:00'),
(234, 2, 13, 11042, 'TAZKIA FADILAH', '', 100, 'siswa', '', '123456', '0000-00-00 00:00:00'),
(235, 2, 13, 11043, 'VINA NATASHA LESTARI', '', 100, 'siswa', '', '123456', '0000-00-00 00:00:00'),
(236, 2, 13, 11044, 'VITA AMELIA PUTRI', '', 100, 'siswa', '', '123456', '0000-00-00 00:00:00'),
(237, 2, 14, 11046, 'AISYAH ANANDA TRI AMALIA', '', 100, 'siswa', '', '123456', '0000-00-00 00:00:00'),
(238, 2, 14, 11047, 'ALYA ERIKA', '', 100, 'siswa', '', '123456', '0000-00-00 00:00:00'),
(239, 2, 14, 11048, 'ANNISAH AZZAHRA', '', 100, 'siswa', '', '123456', '0000-00-00 00:00:00'),
(240, 2, 14, 11049, 'CAMELIA RIPAHMA', '', 100, 'siswa', '', '123456', '0000-00-00 00:00:00'),
(241, 2, 14, 11050, 'DEA ANANDA', '', 100, 'siswa', '', '123456', '0000-00-00 00:00:00'),
(242, 2, 14, 11051, 'DIRA FEBRIYANTI', '', 100, 'siswa', '', '123456', '0000-00-00 00:00:00'),
(243, 2, 14, 11052, 'DWI UTIYA RESTUHANI', '', 100, 'siswa', '', '123456', '0000-00-00 00:00:00'),
(244, 2, 14, 11053, 'FADHILAH NUR RAMADHANI', '', 100, 'siswa', '', '123456', '0000-00-00 00:00:00'),
(245, 2, 14, 11054, 'FEBRYANA ZUMAL', '', 100, 'siswa', '', '123456', '0000-00-00 00:00:00'),
(246, 2, 14, 11055, 'FITRI AYU NINGRUM', '', 100, 'siswa', '', '123456', '0000-00-00 00:00:00'),
(247, 2, 14, 11056, 'HANIFAH ADAWIYAH', '', 100, 'siswa', '', '123456', '0000-00-00 00:00:00'),
(248, 2, 14, 11057, 'LARISSA AKILAH FEBRIANE', '', 100, 'siswa', '', '123456', '0000-00-00 00:00:00'),
(249, 2, 14, 11058, 'LIDYA EKA PUTRI', '', 100, 'siswa', '', '123456', '0000-00-00 00:00:00'),
(250, 2, 14, 11059, 'MAURIZKIANI PUTRI AZ-ZAHRA', '', 100, 'siswa', '', '123456', '0000-00-00 00:00:00'),
(251, 2, 14, 11060, 'MEYLANI PUTRI ALIANSYAH', '', 100, 'siswa', '', '123456', '0000-00-00 00:00:00'),
(252, 2, 14, 11061, 'MUTHIA CHAERUNNISA', '', 100, 'siswa', '', '123456', '0000-00-00 00:00:00'),
(253, 2, 14, 11062, 'NADILLA ANANDA', '', 100, 'siswa', '', '123456', '0000-00-00 00:00:00'),
(254, 2, 14, 11063, 'NAZWA KEISYA MAULIDI', '', 100, 'siswa', '', '123456', '0000-00-00 00:00:00'),
(255, 2, 14, 11064, 'NEISYA AULIA FAJARI', '', 100, 'siswa', '', '123456', '0000-00-00 00:00:00'),
(256, 2, 14, 11065, 'NOVA NURLITA', '', 100, 'siswa', '', '123456', '0000-00-00 00:00:00'),
(257, 2, 14, 11066, 'NURJIHAN AULIANI', '', 100, 'siswa', '', '123456', '0000-00-00 00:00:00'),
(258, 2, 14, 11262, 'NURUL MUSLIMAH', '', 100, 'siswa', '', '123456', '0000-00-00 00:00:00'),
(259, 2, 14, 11067, 'RAFLI RIDWANSYAH', '', 100, 'siswa', '', '123456', '0000-00-00 00:00:00'),
(260, 2, 14, 11068, 'ROBIATUL ADAWIYAH', '', 100, 'siswa', '', '123456', '0000-00-00 00:00:00'),
(261, 2, 14, 11070, 'SARI FATMAWATI', '', 100, 'siswa', '', '123456', '0000-00-00 00:00:00'),
(262, 2, 14, 11071, 'SHAKIRA NOVIANTI', '', 100, 'siswa', '', '123456', '0000-00-00 00:00:00'),
(263, 2, 14, 11072, 'SIFA LAILIYAH', '', 100, 'siswa', '', '123456', '0000-00-00 00:00:00'),
(264, 2, 14, 11073, 'SITI AISYAH', '', 100, 'siswa', '', '123456', '0000-00-00 00:00:00'),
(265, 2, 14, 11074, 'SONI ARDIANSYAH', '', 100, 'siswa', '', '123456', '0000-00-00 00:00:00'),
(266, 2, 14, 11075, 'SYIFA AULIA AZZAHRA', '', 100, 'siswa', '', '123456', '0000-00-00 00:00:00'),
(267, 2, 14, 11076, 'THAHARA SAFITRI', '', 100, 'siswa', '', '123456', '0000-00-00 00:00:00'),
(268, 2, 14, 11077, 'VIRLIANA SALSABILA PUTRI', '', 100, 'siswa', '', '123456', '0000-00-00 00:00:00'),
(269, 2, 14, 11078, 'WIKANTI KROIS', '', 100, 'siswa', '', '123456', '0000-00-00 00:00:00'),
(270, 2, 14, 11079, 'ZAHRA RAMADHANI', '', 100, 'siswa', '', '123456', '0000-00-00 00:00:00'),
(271, 2, 19, 11337, 'ADELIA PUTRI LESTARI', '', 100, 'siswa', '', '123456', '0000-00-00 00:00:00'),
(272, 2, 19, 11338, 'AKSIYAH ASY SYAMIATUZ ZAHRAH', '', 100, 'siswa', '', '123456', '0000-00-00 00:00:00'),
(273, 2, 19, 11339, 'ARDIANTI', '', 100, 'siswa', '', '123456', '0000-00-00 00:00:00'),
(274, 2, 19, 11340, 'AUDIAH ZABRINA', '', 100, 'siswa', '', '123456', '0000-00-00 00:00:00'),
(275, 2, 19, 11341, 'CYNARA ARISTAWIDYA RIADY', '', 100, 'siswa', '', '123456', '0000-00-00 00:00:00'),
(276, 2, 19, 11342, 'DAHNIAR PARAMITHA', '', 100, 'siswa', '', '123456', '0000-00-00 00:00:00'),
(277, 2, 19, 11343, 'DENI SANTO SATOINONG', '', 100, 'siswa', '', '123456', '0000-00-00 00:00:00'),
(278, 2, 19, 11344, 'DESTY PRAYATMAN', '', 100, 'siswa', '', '123456', '0000-00-00 00:00:00'),
(279, 2, 19, 11345, 'DEVALLY OCTAVIALLY VENEZUELLA', '', 100, 'siswa', '', '123456', '0000-00-00 00:00:00'),
(280, 2, 19, 11346, 'DIDAN AHMAD', '', 100, 'siswa', '', '123456', '0000-00-00 00:00:00'),
(281, 2, 19, 11347, 'DWI SEKAR LISTIYANI', '', 100, 'siswa', '', '123456', '0000-00-00 00:00:00'),
(282, 2, 19, 11348, 'FIRA APRILIA VISTA', '', 100, 'siswa', '', '123456', '0000-00-00 00:00:00'),
(283, 2, 19, 11349, 'FITRI WULANDARI', '', 100, 'siswa', '', '123456', '0000-00-00 00:00:00'),
(284, 2, 19, 11350, 'HERDIANA', '', 100, 'siswa', '', '123456', '0000-00-00 00:00:00'),
(285, 2, 19, 11351, 'KARLA CINTA PUTRI OCKTAVIAN', '', 100, 'siswa', '', '123456', '0000-00-00 00:00:00'),
(286, 2, 19, 11352, 'KURNIASIH HIDAYAT', '', 100, 'siswa', '', '123456', '0000-00-00 00:00:00'),
(287, 2, 19, 11353, 'LATIFAH', '', 100, 'siswa', '', '123456', '0000-00-00 00:00:00'),
(288, 2, 19, 11354, 'MARSYA ALICYA', '', 100, 'siswa', '', '123456', '0000-00-00 00:00:00'),
(289, 2, 19, 11355, 'MARSYA ZHAFIRAH LIANTI', '', 100, 'siswa', '', '123456', '0000-00-00 00:00:00'),
(290, 2, 19, 11356, 'NABILA KIRANA', '', 100, 'siswa', '', '123456', '0000-00-00 00:00:00'),
(291, 2, 19, 11357, 'NA\'ILAH RAISSA SAHDA EFENDI', '', 100, 'siswa', '', '123456', '0000-00-00 00:00:00'),
(292, 2, 19, 11358, 'NATHANAEL OKTAVIANUS LIMAN PUTRA', '', 100, 'siswa', '', '123456', '0000-00-00 00:00:00'),
(293, 2, 19, 11359, 'NUR MAYLA', '', 100, 'siswa', '', '123456', '0000-00-00 00:00:00'),
(294, 2, 19, 11360, 'RABIATUL ADAWIYAH', '', 100, 'siswa', '', '123456', '0000-00-00 00:00:00'),
(295, 2, 19, 11361, 'RAHMA DINA ALGHIFARI', '', 100, 'siswa', '', '123456', '0000-00-00 00:00:00'),
(296, 2, 19, 11362, 'REVA NUR FADILAH', '', 100, 'siswa', '', '123456', '0000-00-00 00:00:00'),
(297, 2, 19, 11363, 'RISCHA NUR SAFANA', '', 100, 'siswa', '', '123456', '0000-00-00 00:00:00'),
(298, 2, 19, 11364, 'RIZTY YULIANTI', '', 100, 'siswa', '', '123456', '0000-00-00 00:00:00'),
(299, 2, 19, 11365, 'SABRIL DIMAS SAPUTRA', '', 100, 'siswa', '', '123456', '0000-00-00 00:00:00'),
(300, 2, 19, 11366, 'SALWA PUTRI RAMADANI', '', 100, 'siswa', '', '123456', '0000-00-00 00:00:00'),
(301, 2, 19, 11367, 'SHABRINA MULYA', '', 100, 'siswa', '', '123456', '0000-00-00 00:00:00'),
(302, 2, 19, 11368, 'SHAKILA NAYRA', '', 100, 'siswa', '', '123456', '0000-00-00 00:00:00'),
(303, 2, 19, 11369, 'SITI IGYA SETIANINGRUM', '', 100, 'siswa', '', '123456', '0000-00-00 00:00:00'),
(304, 2, 19, 11370, 'SUCI KHAERUNNISA', '', 100, 'siswa', '', '123456', '0000-00-00 00:00:00'),
(305, 2, 19, 11371, 'VERONICA INRI APRILIANI SIAHAAN', '', 100, 'siswa', '', '123456', '0000-00-00 00:00:00'),
(306, 2, 19, 11372, 'WINNA AMELIA SAFITRI', '', 100, 'siswa', '', '123456', '0000-00-00 00:00:00'),
(307, 2, 16, 11116, 'AISYAH DAMAR WULAN SARI', '', 100, 'siswa', '', '123456', '0000-00-00 00:00:00'),
(308, 2, 16, 11117, 'ALYA PUTRI UTAMI ', '', 100, 'siswa', '', '123456', '0000-00-00 00:00:00'),
(309, 2, 16, 11118, 'ANGELEXA GRACE YOHANA PUTERI', '', 100, 'siswa', '', '123456', '0000-00-00 00:00:00'),
(310, 2, 16, 11120, 'BUNGA INDAH LESTARI', '', 100, 'siswa', '', '123456', '0000-00-00 00:00:00'),
(311, 2, 16, 11121, 'CAHYA REVICHA ABSHARINA', '', 100, 'siswa', '', '123456', '0000-00-00 00:00:00'),
(312, 2, 16, 11122, 'CHINTYA RAMDHANI', '', 100, 'siswa', '', '123456', '0000-00-00 00:00:00'),
(313, 2, 16, 11123, 'DA,WATUL JANAH', '', 100, 'siswa', '', '123456', '0000-00-00 00:00:00'),
(314, 2, 16, 11124, 'DEA ANNISA AZZHARA', '', 100, 'siswa', '', '123456', '0000-00-00 00:00:00'),
(315, 2, 16, 11125, 'EGIDIA ENDHITA LESTARI', '', 100, 'siswa', '', '123456', '0000-00-00 00:00:00'),
(316, 2, 16, 11126, 'GHALUH DIAN RATNA ARIMBI', '', 100, 'siswa', '', '123456', '0000-00-00 00:00:00'),
(317, 2, 16, 11127, 'INDAH FEBIYANTI', '', 100, 'siswa', '', '123456', '0000-00-00 00:00:00'),
(318, 2, 16, 11128, 'INDRI LESTIA SARI', '', 100, 'siswa', '', '123456', '0000-00-00 00:00:00'),
(319, 2, 16, 11129, 'ISNAENI PUTRI KURNIAWATI', '', 100, 'siswa', '', '123456', '0000-00-00 00:00:00'),
(320, 2, 16, 11130, 'KARTIKA RUSDIANTO', '', 100, 'siswa', '', '123456', '0000-00-00 00:00:00'),
(321, 2, 16, 11131, 'KIKI RACHMAWATI', '', 100, 'siswa', '', '123456', '0000-00-00 00:00:00'),
(322, 2, 16, 11132, 'MEGA THERESIA NARWADAN', '', 100, 'siswa', '', '123456', '0000-00-00 00:00:00'),
(323, 2, 16, 11133, 'MULYA PRASTYA DEWI', '', 100, 'siswa', '', '123456', '0000-00-00 00:00:00'),
(324, 2, 16, 11134, 'NAILA FATASYA', '', 100, 'siswa', '', '123456', '0000-00-00 00:00:00'),
(325, 2, 16, 11135, 'NOVA ADELIA', '', 100, 'siswa', '', '123456', '0000-00-00 00:00:00'),
(326, 2, 16, 11136, 'NOVAL ADITYA PUTRA', '', 100, 'siswa', '', '123456', '0000-00-00 00:00:00'),
(327, 2, 16, 11139, 'PUTRI ANJANI JULLY HARCO CHANIAGO', '', 100, 'siswa', '', '123456', '0000-00-00 00:00:00'),
(328, 2, 16, 11140, 'RAKHA NURVIKRI', '', 100, 'siswa', '', '123456', '0000-00-00 00:00:00'),
(329, 2, 16, 11008, 'RINJANI PURNAMA PUTRI ', '', 100, 'siswa', '', '123456', '0000-00-00 00:00:00'),
(330, 2, 16, 11141, 'RIYAN ASAY ROZI', '', 100, 'siswa', '', '123456', '0000-00-00 00:00:00'),
(331, 2, 16, 11142, 'SALWA NISRINA', '', 100, 'siswa', '', '123456', '0000-00-00 00:00:00'),
(332, 2, 16, 11143, 'SEPTIA NUR HALIZA', '', 100, 'siswa', '', '123456', '0000-00-00 00:00:00'),
(333, 2, 16, 11144, 'SHASI KIRANA MATAHARI', '', 100, 'siswa', '', '123456', '0000-00-00 00:00:00'),
(334, 2, 16, 11145, 'SITI MUSAFA\'AH', '', 100, 'siswa', '', '123456', '0000-00-00 00:00:00'),
(335, 2, 16, 11146, 'SUNETA', '', 100, 'siswa', '', '123456', '0000-00-00 00:00:00'),
(336, 2, 16, 11147, 'TIARA RAHMADANI', '', 100, 'siswa', '', '123456', '0000-00-00 00:00:00'),
(337, 2, 16, 11148, 'VANIA SYAHIRAH', '', 100, 'siswa', '', '123456', '0000-00-00 00:00:00'),
(338, 2, 16, 11149, 'WELMA ANGELINA HOBBERTIN TENTUA', '', 100, 'siswa', '', '123456', '0000-00-00 00:00:00'),
(339, 2, 16, 11150, 'ZEN FIO LIKCA TINDAON', '', 100, 'siswa', '', '123456', '0000-00-00 00:00:00'),
(340, 2, 17, 11152, 'AMELISA SUTOMO', '', 100, 'siswa', '', '123456', '0000-00-00 00:00:00'),
(341, 2, 17, 11153, 'APRILIYA ANGGRAENI', '', 100, 'siswa', '', '123456', '0000-00-00 00:00:00'),
(342, 2, 17, 11154, 'AZZAHARA MEITRI WULANDARI', '', 98, 'siswa', '', '123456', '0000-00-00 00:00:00'),
(343, 2, 17, 11155, 'BUNGA PUTRI RAMADANI', '', 100, 'siswa', '', '123456', '0000-00-00 00:00:00'),
(344, 2, 17, 11156, 'CHARLEENA SYAFITRY', '', 100, 'siswa', '', '123456', '0000-00-00 00:00:00'),
(345, 2, 17, 11157, 'CINDY AGUSTIANI', '', 100, 'siswa', '', '123456', '0000-00-00 00:00:00'),
(346, 2, 17, 11159, 'DYAH MENUR NILAM SARI', '', 100, 'siswa', '', '123456', '0000-00-00 00:00:00'),
(347, 2, 17, 11160, 'ERMIKA SALSABILLA FEBYANA', '', 98, 'siswa', '', '123456', '0000-00-00 00:00:00'),
(348, 2, 17, 11264, 'GEVIRA NUR FADILAH', '', 100, 'siswa', '', '123456', '0000-00-00 00:00:00'),
(349, 2, 17, 11161, 'ICHA NUR ALMALITHA', '', 100, 'siswa', '', '123456', '0000-00-00 00:00:00'),
(350, 2, 17, 11162, 'INDI RAHMADANI', '', 100, 'siswa', '', '123456', '0000-00-00 00:00:00'),
(351, 2, 17, 11163, 'IRMA NUR AULIYANA', '', 100, 'siswa', '', '123456', '0000-00-00 00:00:00'),
(352, 2, 17, 11164, 'JOANA DWI SHABILLAH', '', 100, 'siswa', '', '123456', '0000-00-00 00:00:00'),
(353, 2, 17, 11165, 'KHOLILLAH FAHIRA', '', 100, 'siswa', '', '123456', '0000-00-00 00:00:00'),
(354, 2, 17, 11166, 'LILIS SUDIYANTI', '', 100, 'siswa', '', '123456', '0000-00-00 00:00:00'),
(355, 2, 17, 11167, 'MUHAMMAD RASYA FAJAR SIREGAR', '', 100, 'siswa', '', '123456', '0000-00-00 00:00:00'),
(356, 2, 17, 11168, 'NADYA SABRINA AZ-ZAHRA', '', 100, 'siswa', '', '123456', '0000-00-00 00:00:00'),
(357, 2, 17, 11169, 'NAYLA NAZWA SAFITRI', '', 100, 'siswa', '', '123456', '0000-00-00 00:00:00'),
(358, 2, 17, 11170, 'NOVA AULIA SETYAWAN', '', 99, 'siswa', '', '123456', '0000-00-00 00:00:00'),
(359, 2, 17, 11171, 'NOVIANA LIESA RAHMAWATI', '', 98, 'siswa', '', '123456', '0000-00-00 00:00:00'),
(360, 2, 17, 11172, 'NURKHOLIFAH', '', 100, 'siswa', '', '123456', '0000-00-00 00:00:00'),
(361, 2, 17, 11173, 'PRIHARTINI MULYANI', '', 100, 'siswa', '', '123456', '0000-00-00 00:00:00'),
(362, 2, 17, 11174, 'RACHEL JESSICA PANDY', '', 100, 'siswa', '', '123456', '0000-00-00 00:00:00'),
(363, 2, 17, 11175, 'RIMAZA FITRIYANI', '', 100, 'siswa', '', '123456', '0000-00-00 00:00:00'),
(364, 2, 17, 10922, 'SALSABILA SABRINA PUTRI', '', 100, 'siswa', '', '123456', '0000-00-00 00:00:00'),
(365, 2, 17, 11177, 'SEPTIA NUR AMANAH', '', 100, 'siswa', '', '123456', '0000-00-00 00:00:00'),
(366, 2, 17, 11178, 'SEPTIA NURUL FATWAH', '', 100, 'siswa', '', '123456', '0000-00-00 00:00:00'),
(367, 2, 17, 11179, 'SHELA DWI HALIZAH', '', 100, 'siswa', '', '123456', '0000-00-00 00:00:00'),
(368, 2, 17, 11180, 'SITI RAHMA', '', 98, 'siswa', '', '123456', '0000-00-00 00:00:00'),
(369, 2, 17, 11181, 'TAMALA FEBRIYANTI', '', 100, 'siswa', '', '123456', '0000-00-00 00:00:00'),
(370, 2, 17, 10925, 'TIEFANNY', '', 98, 'siswa', '', '123456', '0000-00-00 00:00:00'),
(371, 2, 17, 11182, 'TRI WAHYUNI', '', 100, 'siswa', '', '123456', '0000-00-00 00:00:00'),
(372, 2, 17, 11183, 'VINA NOPIYANTI', '', 100, 'siswa', '', '123456', '0000-00-00 00:00:00'),
(373, 2, 17, 11184, 'ZAHRA AYU NISA', '', 100, 'siswa', '', '123456', '0000-00-00 00:00:00'),
(374, 2, 22, 11185, 'ADILAH JUNIARTO', '', 99, 'siswa', '', '123456', '0000-00-00 00:00:00'),
(375, 2, 22, 11186, 'AHMAD FAJAR', '', 100, 'siswa', '', '123456', '0000-00-00 00:00:00'),
(376, 2, 22, 11187, 'ALEXA BIANCA PRISCILLA MALUEGHA', '', 100, 'siswa', '', '123456', '0000-00-00 00:00:00'),
(377, 2, 22, 11188, 'ANANDA SHAFITRI', '', 100, 'siswa', '', '123456', '0000-00-00 00:00:00'),
(378, 2, 22, 11189, 'ANGGA DWI RHAMDANI', '', 100, 'siswa', '', '123456', '0000-00-00 00:00:00'),
(379, 2, 22, 11190, 'DAFFA ADITYA PUTRA ELLYAS', '', 99, 'siswa', '', '123456', '0000-00-00 00:00:00'),
(380, 2, 22, 11191, 'DAVINA AMELIA YUNITA', '', 100, 'siswa', '', '123456', '0000-00-00 00:00:00'),
(381, 2, 22, 11192, 'FADLI ROHMAN', '', 100, 'siswa', '', '123456', '0000-00-00 00:00:00'),
(382, 2, 22, 11193, 'FARELIA ANANDA RIYANTO', '', 99, 'siswa', '', '123456', '0000-00-00 00:00:00'),
(383, 2, 22, 11265, 'FARID ABIDIN TRIPAMUNGKAS', '', 100, 'siswa', '', '123456', '0000-00-00 00:00:00'),
(384, 2, 22, 11194, 'FIKI NUR AFRIZA', '', 100, 'siswa', '', '123456', '0000-00-00 00:00:00'),
(385, 2, 22, 11195, 'FITRA RISYA NAYSHILA', '', 100, 'siswa', '', '123456', '0000-00-00 00:00:00'),
(386, 2, 22, 11196, 'IHSAN', '', 97, 'siswa', '', '123456', '0000-00-00 00:00:00'),
(387, 2, 22, 11197, 'JASMINE PUTRI SUGIANTO', '', 100, 'siswa', '', '123456', '0000-00-00 00:00:00'),
(388, 2, 22, 11198, 'LUTFIATUL AULIA FADILAH', '', 100, 'siswa', '', '123456', '0000-00-00 00:00:00'),
(389, 2, 22, 11199, 'MUHAMAD ARFIAN SAPUTRA', '', 100, 'siswa', '', '123456', '0000-00-00 00:00:00'),
(390, 2, 22, 1266, 'MUHAMMAD FADHIL NAIM', '', 99, 'siswa', '', '123456', '0000-00-00 00:00:00'),
(391, 2, 22, 11200, 'MUHAMMAD YUDHA ADITYA', '', 98, 'siswa', '', '123456', '0000-00-00 00:00:00'),
(392, 2, 22, 11201, 'NADYNE LOURENSIA SAEBRINA', '', 100, 'siswa', '', '123456', '0000-00-00 00:00:00'),
(393, 2, 22, 11202, 'NURFITRI DESI', '', 99, 'siswa', '', '123456', '0000-00-00 00:00:00'),
(394, 2, 22, 10989, 'PATAR IMMANUEL MANALU', '', 94, 'siswa', '', '123456', '0000-00-00 00:00:00'),
(395, 2, 22, 11203, 'PUTRA SETYONUGROHO', '', 97, 'siswa', '', '123456', '0000-00-00 00:00:00'),
(396, 2, 22, 11204, 'RAFITO JUAN SAPUTRA', '', 100, 'siswa', '', '123456', '0000-00-00 00:00:00'),
(397, 2, 22, 11205, 'RAYLA THORIQ HAFUZA', '', 99, 'siswa', '', '123456', '0000-00-00 00:00:00'),
(398, 2, 22, 11206, 'REVIN AJHAR FALAH', '', 100, 'siswa', '', '123456', '0000-00-00 00:00:00'),
(399, 2, 22, 11207, 'RIO VALDY HERMANSYAH', '', 100, 'siswa', '', '123456', '0000-00-00 00:00:00'),
(400, 2, 22, 11208, 'RISKI DARMAWAN', '', 100, 'siswa', '', '123456', '0000-00-00 00:00:00'),
(401, 2, 22, 11209, 'RIZKY DHANI AGUSTIAN', '', 100, 'siswa', '', '123456', '0000-00-00 00:00:00'),
(402, 2, 22, 11210, 'SEPTI MUTIARA', '', 99, 'siswa', '', '123456', '0000-00-00 00:00:00'),
(403, 2, 22, 11211, 'SHIFA ALIYA ROZAK', '', 97, 'siswa', '', '123456', '0000-00-00 00:00:00'),
(404, 2, 22, 11212, 'SUHENI AULIA', '', 100, 'siswa', '', '123456', '0000-00-00 00:00:00'),
(405, 2, 22, 11213, 'SYAIFUL FARHAN HANIF', '', 100, 'siswa', '', '123456', '0000-00-00 00:00:00'),
(406, 2, 22, 11214, 'TANOEJAYA SAMI AKBAR', '', 100, 'siswa', '', '123456', '0000-00-00 00:00:00'),
(407, 2, 22, 11215, 'YATI KURNIAWATI', '', 100, 'siswa', '', '123456', '0000-00-00 00:00:00'),
(408, 2, 22, 11216, 'ZAHWA AMELIA PUTRI', '', 99, 'siswa', '', '123456', '0000-00-00 00:00:00'),
(409, 2, 22, 11217, 'ZASKIA FEBRIYANTI', '', 100, 'siswa', '', '123456', '0000-00-00 00:00:00'),
(410, 2, 23, 10963, 'ABDUL MAJID', '', 98, 'siswa', '', '123456', '0000-00-00 00:00:00'),
(411, 2, 23, 11218, 'AGUS MOLANA', '', 100, 'siswa', '', '123456', '0000-00-00 00:00:00'),
(412, 2, 23, 11219, 'AKHMAD KARIM', '', 100, 'siswa', '', '123456', '0000-00-00 00:00:00'),
(413, 2, 23, 11220, 'ALPINE VALENTINO', '', 100, 'siswa', '', '123456', '0000-00-00 00:00:00'),
(414, 2, 23, 11221, 'ANANDA WIDYA MAHARANI', '', 100, 'siswa', '', '123456', '0000-00-00 00:00:00'),
(415, 2, 23, 11222, 'BAGUS LIR ANGGA', '', 100, 'siswa', '', '123456', '0000-00-00 00:00:00'),
(416, 2, 23, 11223, 'DAMAYANTI', '', 100, 'siswa', '', '123456', '0000-00-00 00:00:00'),
(417, 2, 23, 11224, 'DHANYL AKHMAD SYAFAREL', '', 100, 'siswa', '', '123456', '0000-00-00 00:00:00'),
(418, 2, 23, 11225, 'FAHIRA PUTRI ANANTA', '', 100, 'siswa', '', '123456', '0000-00-00 00:00:00'),
(419, 2, 23, 11226, 'FAUZAN AKBAR WIJAYA ', '', 100, 'siswa', '', '123456', '0000-00-00 00:00:00'),
(420, 2, 23, 11227, 'FIRMANSYAH', '', 98, 'siswa', '', '123456', '0000-00-00 00:00:00'),
(421, 2, 23, 11228, 'FITRIA ANISA FADILA', '', 100, 'siswa', '', '123456', '0000-00-00 00:00:00'),
(422, 2, 23, 11229, 'INDAH SEFTYANY', '', 99, 'siswa', '', '123456', '0000-00-00 00:00:00'),
(423, 2, 23, 11230, 'JIHAN AULIA TAHIR', '', 100, 'siswa', '', '123456', '0000-00-00 00:00:00'),
(424, 2, 23, 11231, 'MOHAMMAD ABDILLAH MUKTI', '', 100, 'siswa', '', '123456', '0000-00-00 00:00:00'),
(425, 2, 23, 11232, 'MUHAMMAD ALDI TRI SETIAWAN', '', 100, 'siswa', '', '123456', '0000-00-00 00:00:00'),
(426, 2, 23, 10984, 'MUHAMMAD NUR ILHAM', '', 99, 'siswa', '', '123456', '0000-00-00 00:00:00'),
(427, 2, 23, 11233, 'NABILAYULVANI', '', 100, 'siswa', '', '123456', '0000-00-00 00:00:00'),
(428, 2, 23, 11234, 'NATASYA MONICA FEBIYANTI', '', 100, 'siswa', '', '123456', '0000-00-00 00:00:00'),
(429, 2, 23, 11235, 'PRIANA RAMADANTI', '', 99, 'siswa', '', '123456', '0000-00-00 00:00:00'),
(430, 2, 23, 11236, 'RADIT YUSUF RAHMATILLAH', '', 100, 'siswa', '', '123456', '0000-00-00 00:00:00'),
(431, 2, 23, 11237, 'RATU AYU AULIA MUDZHIRIYANTI', '', 100, 'siswa', '', '123456', '0000-00-00 00:00:00'),
(432, 2, 23, 11238, 'RENATA CHRISTY KALENGKONGAN', '', 97, 'siswa', '', '123456', '0000-00-00 00:00:00'),
(433, 2, 23, 11239, 'RIDWAN RIZKY RAMADHAN', '', 98, 'siswa', '', '123456', '0000-00-00 00:00:00'),
(434, 2, 23, 11240, 'RIRIS DESTIARA PUTRI', '', 100, 'siswa', '', '123456', '0000-00-00 00:00:00'),
(435, 2, 23, 11241, 'RIVANI', '', 99, 'siswa', '', '123456', '0000-00-00 00:00:00'),
(436, 2, 23, 11242, 'SANIA RISWALA', '', 100, 'siswa', '', '123456', '0000-00-00 00:00:00'),
(437, 2, 23, 11243, 'SEVITA RAHMA AULIA', '', 98, 'siswa', '', '123456', '0000-00-00 00:00:00'),
(438, 2, 23, 11244, 'SITI NUR HIKMAH', '', 98, 'siswa', '', '123456', '0000-00-00 00:00:00'),
(439, 2, 23, 11267, 'SULTAN ANWAR', '', 97, 'siswa', '', '123456', '0000-00-00 00:00:00'),
(440, 2, 23, 10995, 'SUNARGI', '', 96, 'siswa', '', '123456', '0000-00-00 00:00:00'),
(441, 2, 23, 11245, 'SYAFA SALSABIELAH SUSANTO', '', 100, 'siswa', '', '123456', '0000-00-00 00:00:00'),
(442, 2, 23, 11246, 'SYIFA RASYA DAMERA', '', 100, 'siswa', '', '123456', '0000-00-00 00:00:00'),
(443, 2, 23, 11247, 'TRI MUNARSIH', '', 99, 'siswa', '', '123456', '0000-00-00 00:00:00'),
(444, 2, 23, 11248, 'ZAHRA NUR FADILLAH', '', 100, 'siswa', '', '123456', '0000-00-00 00:00:00'),
(445, 2, 23, 11249, 'ZASKIA ADAWIYAH', '', 100, 'siswa', '', '123456', '0000-00-00 00:00:00'),
(446, 1, 1, 11268, 'ADHWA DZAKIYAH SULAIMAN', '', 99, 'siswa', '', '123456', '0000-00-00 00:00:00'),
(447, 1, 1, 11269, 'ALICIA ANGELINE SURYA', '', 100, 'siswa', '', '123456', '0000-00-00 00:00:00'),
(448, 1, 1, 11270, 'ALYA NAZHIFAH', '', 99, 'siswa', '', '123456', '0000-00-00 00:00:00'),
(449, 1, 1, 11271, 'AMELIA HERMAWATI', '', 100, 'siswa', '', '123456', '0000-00-00 00:00:00'),
(450, 1, 1, 11272, 'ANGGUN PERMATASARI', '', 100, 'siswa', '', '123456', '0000-00-00 00:00:00'),
(451, 1, 1, 11273, 'ANINDYA KAIRA ALUNA', '', 98, 'siswa', '', '123456', '0000-00-00 00:00:00'),
(452, 1, 1, 11274, 'BELLA OKTAVIANI', '', 100, 'siswa', '', '123456', '0000-00-00 00:00:00'),
(453, 1, 1, 11275, 'CALISTA SALSABILLAH', '', 100, 'siswa', '', '123456', '0000-00-00 00:00:00'),
(454, 1, 1, 11276, 'CHELSEA SULISTIAWATI', '', 100, 'siswa', '', '123456', '0000-00-00 00:00:00'),
(455, 1, 1, 11277, 'DAVINA HALAIDAH', '', 99, 'siswa', '', '123456', '0000-00-00 00:00:00'),
(456, 1, 1, 11278, 'DINA SABRINA', '', 99, 'siswa', '', '123456', '0000-00-00 00:00:00'),
(457, 1, 1, 11279, 'DIVA OKTARIA VANDES', '', 100, 'siswa', '', '123456', '0000-00-00 00:00:00'),
(458, 1, 1, 11280, 'FIRLY SABILLAH', '', 100, 'siswa', '', '123456', '0000-00-00 00:00:00'),
(459, 1, 1, 11281, 'GHINA USWAH', '', 100, 'siswa', '', '123456', '0000-00-00 00:00:00'),
(460, 1, 1, 11282, 'LARAS AYU', '', 100, 'siswa', '', '123456', '0000-00-00 00:00:00'),
(461, 1, 1, 11283, 'MARNALISA', '', 100, 'siswa', '', '123456', '0000-00-00 00:00:00'),
(462, 1, 1, 11284, 'NADINE KIRANIA NUR FAUZIAH', '', 100, 'siswa', '', '123456', '0000-00-00 00:00:00'),
(463, 1, 1, 11285, 'NATHASYA SALSYABILLAH', '', 100, 'siswa', '', '123456', '0000-00-00 00:00:00'),
(464, 1, 1, 11286, 'NOVIANI RISMAYANI', '', 100, 'siswa', '', '123456', '0000-00-00 00:00:00'),
(465, 1, 1, 11287, 'PUTRI DESI ANGRAINI', '', 100, 'siswa', '', '123456', '0000-00-00 00:00:00'),
(466, 1, 1, 11288, 'QUEENA TIARA KHAIRIYAH', '', 100, 'siswa', '', '123456', '0000-00-00 00:00:00'),
(467, 1, 1, 11289, 'RAHMA NASIFA PUTRI', '', 99, 'siswa', '', '123456', '0000-00-00 00:00:00'),
(468, 1, 1, 11290, 'RAMEYZA NUR HIKMAH', '', 99, 'siswa', '', '123456', '0000-00-00 00:00:00'),
(469, 1, 1, 11291, 'RASYA NAJLA FAUZIYA', '', 100, 'siswa', '', '123456', '0000-00-00 00:00:00'),
(470, 1, 1, 11292, 'SALMA KHAIRUL NISSA', '', 99, 'siswa', '', '123456', '0000-00-00 00:00:00'),
(471, 1, 1, 11293, 'SALWA ALYA FIRJANNAH', '', 99, 'siswa', '', '123456', '0000-00-00 00:00:00'),
(472, 1, 1, 11263, 'SELVIANA PUTRI', '', 98, 'siswa', '', '123456', '0000-00-00 00:00:00'),
(473, 1, 1, 11294, 'SILVIANA EVANI', '', 99, 'siswa', '', '123456', '0000-00-00 00:00:00'),
(474, 1, 1, 11295, 'SITI KHOIRUNNISA', '', 99, 'siswa', '', '123456', '0000-00-00 00:00:00'),
(475, 1, 1, 11296, 'SITI SARAH HOERUNISA', '', 100, 'siswa', '', '123456', '0000-00-00 00:00:00'),
(476, 1, 1, 11297, 'SOFIA NUR LUTFIAH', '', 100, 'siswa', '', '123456', '0000-00-00 00:00:00'),
(477, 1, 1, 11298, 'TANTRI SUKMA PRATIWI', '', 100, 'siswa', '', '123456', '0000-00-00 00:00:00'),
(478, 1, 1, 11299, 'TIARA ADINDA', '', 100, 'siswa', '', '123456', '0000-00-00 00:00:00'),
(479, 1, 1, 11300, 'TIYA ARIYANI', '', 100, 'siswa', '', '123456', '0000-00-00 00:00:00'),
(480, 1, 1, 11301, 'WULAN SARI', '', 97, 'siswa', '', '123456', '0000-00-00 00:00:00'),
(481, 1, 1, 11302, 'ZULVAN AL- FARISYI', '', 100, 'siswa', '', '123456', '0000-00-00 00:00:00'),
(482, 1, 2, 11303, 'AATHIRAH NISRINA', '', 100, 'siswa', '', '123456', '0000-00-00 00:00:00'),
(483, 1, 2, 11304, 'AISAH NUR FAHRIYANTI', '', 100, 'siswa', '', '123456', '0000-00-00 00:00:00'),
(484, 1, 2, 11305, 'AISYAH FEBRIANTY', '', 99, 'siswa', '', '123456', '0000-00-00 00:00:00'),
(485, 1, 2, 11306, 'CHELSEA KAYLA ILMANDA', '', 100, 'siswa', '', '123456', '0000-00-00 00:00:00'),
(486, 1, 2, 11307, 'DEA AGUSTINA BUITBISI', '', 99, 'siswa', '', '123456', '0000-00-00 00:00:00'),
(487, 1, 2, 11308, 'DEA ARISKA', '', 100, 'siswa', '', '123456', '0000-00-00 00:00:00'),
(488, 1, 2, 11309, 'DEDE PUTRA SETIAWAN', '', 99, 'siswa', '', '123456', '0000-00-00 00:00:00'),
(489, 1, 2, 11310, 'DESVITA ADISKA PUTRI', '', 100, 'siswa', '', '123456', '0000-00-00 00:00:00'),
(490, 1, 2, 11311, 'DHEA ANANDA KARTINI', '', 99, 'siswa', '', '123456', '0000-00-00 00:00:00'),
(491, 1, 2, 11312, 'DINI RODIANA AGUSTIN', '', 100, 'siswa', '', '123456', '0000-00-00 00:00:00'),
(492, 1, 2, 11313, 'EKA RAHAYU PRASETIA', '', 100, 'siswa', '', '123456', '0000-00-00 00:00:00'),
(493, 1, 2, 11314, 'ELIA', '', 99, 'siswa', '', '123456', '0000-00-00 00:00:00'),
(494, 1, 2, 11315, 'ERLISYA NAVISHA ROSYID', '', 100, 'siswa', '', '123456', '0000-00-00 00:00:00'),
(495, 1, 2, 11316, 'FIRMAN MAULANA', '', 100, 'siswa', '', '123456', '0000-00-00 00:00:00'),
(496, 1, 2, 11317, 'GIYANTI RAMADHANI', '', 98, 'siswa', '', '123456', '0000-00-00 00:00:00'),
(497, 1, 2, 11318, 'HALIMAH DWI ANGGRAENI', '', 97, 'siswa', '', '123456', '0000-00-00 00:00:00'),
(498, 1, 2, 11319, 'ISABELL LOUISYE', '', 99, 'siswa', '', '123456', '0000-00-00 00:00:00'),
(499, 1, 2, 11320, 'ISHMAH SUCI RAMADHANI', '', 100, 'siswa', '', '123456', '0000-00-00 00:00:00'),
(500, 1, 2, 11321, 'IVA LATIFAH', '', 100, 'siswa', '', '123456', '0000-00-00 00:00:00'),
(501, 1, 2, 11322, 'KHOILAH', '', 100, 'siswa', '', '123456', '0000-00-00 00:00:00'),
(502, 1, 2, 11323, 'MARSYAHLA AZZAHIYAH', '', 100, 'siswa', '', '123456', '0000-00-00 00:00:00'),
(503, 1, 2, 11324, 'MUHAMMAD NABIL AYRIEL MUSTOFA P.', '', 100, 'siswa', '', '123456', '0000-00-00 00:00:00'),
(504, 1, 2, 11325, 'NADIA', '', 100, 'siswa', '', '123456', '0000-00-00 00:00:00'),
(505, 1, 2, 11326, 'NADILA', '', 99, 'siswa', '', '123456', '0000-00-00 00:00:00'),
(506, 1, 2, 11327, 'NAFISA HASNA AZZAHRA', '', 100, 'siswa', '', '123456', '0000-00-00 00:00:00'),
(507, 1, 2, 11328, 'NAZWA MAULIDA', '', 100, 'siswa', '', '123456', '0000-00-00 00:00:00'),
(508, 1, 2, 11329, 'NESSY PRADITA RINJANI', '', 100, 'siswa', '', '123456', '0000-00-00 00:00:00'),
(509, 1, 2, 11330, 'NOVI KURNIAWAN', '', 99, 'siswa', '', '123456', '0000-00-00 00:00:00'),
(510, 1, 2, 11331, 'NUR AISYAH', '', 100, 'siswa', '', '123456', '0000-00-00 00:00:00'),
(511, 1, 2, 11332, 'NUR LAILA', '', 100, 'siswa', '', '123456', '0000-00-00 00:00:00'),
(512, 1, 2, 11333, 'RAAJWA INTAN ZAAHIRA', '', 100, 'siswa', '', '123456', '0000-00-00 00:00:00'),
(513, 1, 2, 11334, 'SALSA CAHYANI PUTRI', '', 100, 'siswa', '', '123456', '0000-00-00 00:00:00'),
(514, 1, 2, 11069, 'SANIA MEIDINA', '', 97, 'siswa', '', '123456', '0000-00-00 00:00:00'),
(515, 1, 2, 11335, 'TIARA NURFADILAH', '', 100, 'siswa', '', '123456', '0000-00-00 00:00:00'),
(516, 1, 2, 11336, 'ZASKIA', '', 100, 'siswa', '', '123456', '0000-00-00 00:00:00'),
(517, 1, 7, 11337, 'ADELIA PUTRI LESTARI', '', 100, 'siswa', '', '123456', '0000-00-00 00:00:00'),
(518, 1, 7, 11338, 'AKSIYAH ASY SYAMIATUZ ZAHRAH', '', 99, 'siswa', '', '123456', '0000-00-00 00:00:00'),
(519, 1, 7, 11339, 'ARDIANTI', '', 100, 'siswa', '', '123456', '0000-00-00 00:00:00'),
(520, 1, 7, 11340, 'AUDIAH ZABRINA', '', 100, 'siswa', '', '123456', '0000-00-00 00:00:00'),
(521, 1, 7, 11341, 'CYNARA ARISTAWIDYA RIADY', '', 99, 'siswa', '', '123456', '0000-00-00 00:00:00'),
(522, 1, 7, 11342, 'DAHNIAR PARAMITHA', '', 100, 'siswa', '', '123456', '0000-00-00 00:00:00'),
(523, 1, 7, 11343, 'DENI SANTO SATOINONG', '', 100, 'siswa', '', '123456', '0000-00-00 00:00:00'),
(524, 1, 7, 11344, 'DESTY PRAYATMAN', '', 100, 'siswa', '', '123456', '0000-00-00 00:00:00'),
(525, 1, 7, 11345, 'DEVALLY OCTAVIALLY VENEZUELLA', '', 100, 'siswa', '', '123456', '0000-00-00 00:00:00');
INSERT INTO `siswa` (`id_siswa`, `id_kelas`, `id_jurusan`, `nis`, `nama_siswa`, `email`, `jmlh_poin`, `role`, `foto`, `password`, `created_at`) VALUES
(526, 1, 7, 11346, 'DIDAN AHMAD', '', 100, 'siswa', '', '123456', '0000-00-00 00:00:00'),
(527, 1, 7, 11347, 'DWI SEKAR LISTIYANI', '', 100, 'siswa', '', '123456', '0000-00-00 00:00:00'),
(528, 1, 7, 11348, 'FIRA APRILIA VISTA', '', 99, 'siswa', '', '123456', '0000-00-00 00:00:00'),
(529, 1, 7, 11349, 'FITRI WULANDARI', '', 100, 'siswa', '', '123456', '0000-00-00 00:00:00'),
(530, 1, 7, 11350, 'HERDIANA', '', 100, 'siswa', '', '123456', '0000-00-00 00:00:00'),
(531, 1, 7, 11351, 'KARLA CINTA PUTRI OCKTAVIAN', '', 100, 'siswa', '', '123456', '0000-00-00 00:00:00'),
(532, 1, 7, 11352, 'KURNIASIH HIDAYAT', '', 100, 'siswa', '', '123456', '0000-00-00 00:00:00'),
(533, 1, 7, 11353, 'LATIFAH', '', 100, 'siswa', '', '123456', '0000-00-00 00:00:00'),
(534, 1, 7, 11354, 'MARSYA ALICYA', '', 100, 'siswa', '', '123456', '0000-00-00 00:00:00'),
(535, 1, 7, 11355, 'MARSYA ZHAFIRAH LIANTI', '', 100, 'siswa', '', '123456', '0000-00-00 00:00:00'),
(536, 1, 7, 11356, 'NABILA KIRANA', '', 100, 'siswa', '', '123456', '0000-00-00 00:00:00'),
(537, 1, 7, 11357, 'NA\'ILAH RAISSA SAHDA EFENDI', '', 100, 'siswa', '', '123456', '0000-00-00 00:00:00'),
(538, 1, 7, 11358, 'NATHANAEL OKTAVIANUS LIMAN PUTRA', '', 100, 'siswa', '', '123456', '0000-00-00 00:00:00'),
(539, 1, 7, 11359, 'NUR MAYLA', '', 100, 'siswa', '', '123456', '0000-00-00 00:00:00'),
(540, 1, 7, 11360, 'RABIATUL ADAWIYAH', '', 100, 'siswa', '', '123456', '0000-00-00 00:00:00'),
(541, 1, 7, 11361, 'RAHMA DINA ALGHIFARI', '', 100, 'siswa', '', '123456', '0000-00-00 00:00:00'),
(542, 1, 7, 11362, 'REVA NUR FADILAH', '', 100, 'siswa', '', '123456', '0000-00-00 00:00:00'),
(543, 1, 7, 11363, 'RISCHA NUR SAFANA', '', 100, 'siswa', '', '123456', '0000-00-00 00:00:00'),
(544, 1, 7, 11364, 'RIZTY YULIANTI', '', 100, 'siswa', '', '123456', '0000-00-00 00:00:00'),
(545, 1, 7, 11365, 'SABRIL DIMAS SAPUTRA', '', 100, 'siswa', '', '123456', '0000-00-00 00:00:00'),
(546, 1, 7, 11366, 'SALWA PUTRI RAMADANI', '', 100, 'siswa', '', '123456', '0000-00-00 00:00:00'),
(547, 1, 7, 11367, 'SHABRINA MULYA', '', 100, 'siswa', '', '123456', '0000-00-00 00:00:00'),
(548, 1, 7, 11368, 'SHAKILA NAYRA', '', 100, 'siswa', '', '123456', '0000-00-00 00:00:00'),
(549, 1, 7, 11369, 'SITI IGYA SETIANINGRUM', '', 100, 'siswa', '', '123456', '0000-00-00 00:00:00'),
(550, 1, 7, 11370, 'SUCI KHAERUNNISA', '', 100, 'siswa', '', '123456', '0000-00-00 00:00:00'),
(551, 1, 7, 11371, 'VERONICA INRI APRILIANI SIAHAAN', '', 100, 'siswa', '', '123456', '0000-00-00 00:00:00'),
(552, 1, 7, 11372, 'WINNA AMELIA SAFITRI', '', 100, 'siswa', '', '123456', '0000-00-00 00:00:00'),
(553, 1, 4, 11373, 'ADHE NOVYANI PUTRI', '', 100, 'siswa', '', '123456', '0000-00-00 00:00:00'),
(554, 1, 4, 11374, 'ALBANI RAY', '', 100, 'siswa', '', '123456', '0000-00-00 00:00:00'),
(555, 1, 4, 11375, 'ALLYA KHARISMA', '', 100, 'siswa', '', '123456', '0000-00-00 00:00:00'),
(556, 1, 4, 11376, 'AMELLIA AZZAHRA KELANA', '', 100, 'siswa', '', '123456', '0000-00-00 00:00:00'),
(557, 1, 4, 11377, 'ANDIRA VERNANDA', '', 100, 'siswa', '', '123456', '0000-00-00 00:00:00'),
(558, 1, 4, 11378, 'ANNISA RAMADHANI', '', 100, 'siswa', '', '123456', '0000-00-00 00:00:00'),
(559, 1, 4, 11119, 'AVRILLIA PRASETYA SARI', '', 100, 'siswa', '', '123456', '0000-00-00 00:00:00'),
(560, 1, 4, 11379, 'AZAHRA AULIA PUTRI', '', 100, 'siswa', '', '123456', '0000-00-00 00:00:00'),
(561, 1, 4, 11380, 'BUNGA SABILLAH', '', 100, 'siswa', '', '123456', '0000-00-00 00:00:00'),
(562, 1, 4, 11381, 'CAILA BIANCA YUSUF', '', 100, 'siswa', '', '123456', '0000-00-00 00:00:00'),
(563, 1, 4, 11382, 'CAMELIA MAULANA PUTRI', '', 100, 'siswa', '', '123456', '0000-00-00 00:00:00'),
(564, 1, 4, 11383, 'CESYARE MALDINI', '', 100, 'siswa', '', '123456', '0000-00-00 00:00:00'),
(565, 1, 4, 11384, 'CUT ERSA REVALINA', '', 100, 'siswa', '', '123456', '0000-00-00 00:00:00'),
(566, 1, 4, 11385, 'DESINTA DEWI', '', 100, 'siswa', '', '123456', '0000-00-00 00:00:00'),
(567, 1, 4, 11386, 'ELYSA RAHMA DANI', '', 100, 'siswa', '', '123456', '0000-00-00 00:00:00'),
(568, 1, 4, 11387, 'FARIDA ANZANI', '', 100, 'siswa', '', '123456', '0000-00-00 00:00:00'),
(569, 1, 4, 11388, 'FAUZAN AL SHIDDIQOH', '', 100, 'siswa', '', '123456', '0000-00-00 00:00:00'),
(570, 1, 4, 11389, 'FEBBY AURELIA BADOA', '', 100, 'siswa', '', '123456', '0000-00-00 00:00:00'),
(571, 1, 4, 11390, 'GADIS NALINDRA PUTRI', '', 100, 'siswa', '', '123456', '0000-00-00 00:00:00'),
(572, 1, 4, 11391, 'INA SARINA', '', 100, 'siswa', '', '123456', '0000-00-00 00:00:00'),
(573, 1, 4, 11392, 'LORENCA', '', 100, 'siswa', '', '123456', '0000-00-00 00:00:00'),
(574, 1, 4, 11393, 'LUNA PUTRI AUDINA', '', 100, 'siswa', '', '123456', '0000-00-00 00:00:00'),
(575, 1, 4, 11394, 'MUHAMMAD ZIDANE FAHREZY', '', 100, 'siswa', '', '123456', '0000-00-00 00:00:00'),
(576, 1, 4, 11395, 'NADIA MULYA ARTANTI', '', 100, 'siswa', '', '123456', '0000-00-00 00:00:00'),
(577, 1, 4, 11396, 'NATASYA', '', 100, 'siswa', '', '123456', '0000-00-00 00:00:00'),
(578, 1, 4, 11397, 'NENTI FADIYAH', '', 100, 'siswa', '', '123456', '0000-00-00 00:00:00'),
(579, 1, 4, 11398, 'NUR BELI ASMIRANTI', '', 100, 'siswa', '', '123456', '0000-00-00 00:00:00'),
(580, 1, 4, 11399, 'PUTRI ZASKIA RAMADHANI', '', 100, 'siswa', '', '123456', '0000-00-00 00:00:00'),
(581, 1, 4, 11400, 'RAYHAN RAMADAN', '', 100, 'siswa', '', '123456', '0000-00-00 00:00:00'),
(582, 1, 4, 11401, 'SHIDQIYYAH NADINA KASYA', '', 100, 'siswa', '', '123456', '0000-00-00 00:00:00'),
(583, 1, 4, 11402, 'SITI HADIJAH', '', 100, 'siswa', '', '123456', '0000-00-00 00:00:00'),
(584, 1, 4, 11403, 'TANIA MEGA PUTRI', '', 100, 'siswa', '', '123456', '0000-00-00 00:00:00'),
(585, 1, 4, 11404, 'VIERA AVIA SORAYA', '', 100, 'siswa', '', '123456', '0000-00-00 00:00:00'),
(586, 1, 4, 11405, 'WILLY VERGIAWAN ARFARY', '', 100, 'siswa', '', '123456', '0000-00-00 00:00:00'),
(587, 1, 4, 11406, 'ZAHRA AZIZAH RAHMAN', '', 100, 'siswa', '', '123456', '0000-00-00 00:00:00'),
(588, 1, 4, 11407, 'ZAHWA AMANDA AULIA', '', 100, 'siswa', '', '123456', '0000-00-00 00:00:00'),
(589, 1, 5, 11408, 'ALIFIA ZAHWA DIAH ASTUTI', '', 100, 'siswa', '', '123456', '0000-00-00 00:00:00'),
(590, 1, 5, 11409, 'ANGGRAENI PUTRI IMAS', '', 100, 'siswa', '', '123456', '0000-00-00 00:00:00'),
(591, 1, 5, 11410, 'ANYNDIAH IRWANDARI', '', 100, 'siswa', '', '123456', '0000-00-00 00:00:00'),
(592, 1, 5, 11153, 'APRILIYA ANGGRAENI', '', 100, 'siswa', '', '123456', '0000-00-00 00:00:00'),
(593, 1, 5, 11411, 'ATIKAH TRI HAPSARI', '', 100, 'siswa', '', '123456', '0000-00-00 00:00:00'),
(594, 1, 5, 11412, 'DANEZZA QUEENSYA AGISQI', '', 100, 'siswa', '', '123456', '0000-00-00 00:00:00'),
(595, 1, 5, 11413, 'DELVI YULIANTI', '', 100, 'siswa', '', '123456', '0000-00-00 00:00:00'),
(596, 1, 5, 11414, 'DEVINA ANNATASYA', '', 100, 'siswa', '', '123456', '0000-00-00 00:00:00'),
(597, 1, 5, 11415, 'DINDA RAMADANI', '', 100, 'siswa', '', '123456', '0000-00-00 00:00:00'),
(598, 1, 5, 11416, 'EKA SAFITRI PUTRI RAHARJO', '', 100, 'siswa', '', '123456', '0000-00-00 00:00:00'),
(599, 1, 5, 11417, 'ELSYA FIRANA', '', 100, 'siswa', '', '123456', '0000-00-00 00:00:00'),
(600, 1, 5, 11418, 'ERICCA NADYA PRISKILA TINDAON', '', 100, 'siswa', '', '123456', '0000-00-00 00:00:00'),
(601, 1, 5, 11419, 'FARHAN FADILAH', '', 100, 'siswa', '', '123456', '0000-00-00 00:00:00'),
(602, 1, 5, 11420, 'IQBAL SAPUTRA', '', 100, 'siswa', '', '123456', '0000-00-00 00:00:00'),
(603, 1, 5, 11421, 'JINGGA KAILA CYMA NATHA', '', 100, 'siswa', '', '123456', '0000-00-00 00:00:00'),
(604, 1, 5, 11422, 'KARINA CAHYANI PUTRI', '', 100, 'siswa', '', '123456', '0000-00-00 00:00:00'),
(605, 1, 5, 11423, 'KAROEL RAKA ZETH PALENTENG', '', 100, 'siswa', '', '123456', '0000-00-00 00:00:00'),
(606, 1, 5, 11424, 'KHATERINA SUSANA TOLOK', '', 100, 'siswa', '', '123456', '0000-00-00 00:00:00'),
(607, 1, 5, 11425, 'NADIA NAILATUL IZZAH', '', 100, 'siswa', '', '123456', '0000-00-00 00:00:00'),
(608, 1, 5, 11426, 'NAILA AMALIA AHMAD', '', 100, 'siswa', '', '123456', '0000-00-00 00:00:00'),
(609, 1, 5, 11427, 'NAILA TSANIYAH', '', 100, 'siswa', '', '123456', '0000-00-00 00:00:00'),
(610, 1, 5, 11428, 'NASYIFA DYAH WIGUNA', '', 100, 'siswa', '', '123456', '0000-00-00 00:00:00'),
(611, 1, 5, 11429, 'NASYWA ATHIYYAH AUFA', '', 100, 'siswa', '', '123456', '0000-00-00 00:00:00'),
(612, 1, 5, 11430, 'NASYWA SYAKIRAH', '', 100, 'siswa', '', '123456', '0000-00-00 00:00:00'),
(613, 1, 5, 11431, 'NUR AINI', '', 100, 'siswa', '', '123456', '0000-00-00 00:00:00'),
(614, 1, 5, 11432, 'PASYA FIRMANSYAH', '', 100, 'siswa', '', '123456', '0000-00-00 00:00:00'),
(615, 1, 5, 11433, 'RAIHAN FAJRI', '', 100, 'siswa', '', '123456', '0000-00-00 00:00:00'),
(616, 1, 5, 11434, 'RETA PAULINA', '', 100, 'siswa', '', '123456', '0000-00-00 00:00:00'),
(617, 1, 5, 11435, 'SALIMATU SYA\'DIAH', '', 100, 'siswa', '', '123456', '0000-00-00 00:00:00'),
(618, 1, 5, 11436, 'SALMAN AL FARIZI', '', 100, 'siswa', '', '123456', '0000-00-00 00:00:00'),
(619, 1, 5, 11437, 'SALSABILA SHALFANA', '', 100, 'siswa', '', '123456', '0000-00-00 00:00:00'),
(620, 1, 5, 11438, 'SALWA FAIZAH ASSYIFA', '', 100, 'siswa', '', '123456', '0000-00-00 00:00:00'),
(621, 1, 5, 11439, 'SELA CAHYANI', '', 100, 'siswa', '', '123456', '0000-00-00 00:00:00'),
(622, 1, 5, 11440, 'VINA NAILATUL ALWI', '', 100, 'siswa', '', '123456', '0000-00-00 00:00:00'),
(623, 1, 5, 11441, 'WILDATUL HANUN', '', 100, 'siswa', '', '123456', '0000-00-00 00:00:00'),
(624, 1, 5, 11442, 'ZAHRA SHABIRAH', '', 100, 'siswa', '', '123456', '0000-00-00 00:00:00'),
(625, 1, 10, 11443, 'AHMAD', '', 100, 'siswa', '', '123456', '0000-00-00 00:00:00'),
(626, 1, 10, 11444, 'AHMAD HASBI HASIDIKI', '', 100, 'siswa', '', '123456', '0000-00-00 00:00:00'),
(627, 1, 10, 11445, 'AHMAD SOPPIAN', '', 99, 'siswa', '', '123456', '0000-00-00 00:00:00'),
(628, 1, 10, 11446, 'AKHDAN NAUFAL SYAHPUTRA', '', 100, 'siswa', '', '123456', '0000-00-00 00:00:00'),
(629, 1, 10, 11447, 'ALIF ADYTIA RAENATA', '', 100, 'siswa', '', '123456', '0000-00-00 00:00:00'),
(630, 1, 10, 11448, 'ANDREANUS SONDIKA BUTAR-BUTAR', '', 100, 'siswa', '', '123456', '0000-00-00 00:00:00'),
(631, 1, 10, 11449, 'ASWAN MAULA AMANULLAH', '', 100, 'siswa', '', '123456', '0000-00-00 00:00:00'),
(632, 1, 10, 11450, 'AZKA AULIARAHMA', '', 100, 'siswa', '', '123456', '0000-00-00 00:00:00'),
(633, 1, 10, 11451, 'BALQIS NABILLA', '', 100, 'siswa', '', '123456', '0000-00-00 00:00:00'),
(634, 1, 10, 11452, 'DESTIAWAN SAPUTRA', '', 100, 'siswa', '', '123456', '0000-00-00 00:00:00'),
(635, 1, 10, 11453, 'DIMAS ALIF ARDIANSYAH', '', 100, 'siswa', '', '123456', '0000-00-00 00:00:00'),
(636, 1, 10, 11454, 'EKA NIA', '', 100, 'siswa', '', '123456', '0000-00-00 00:00:00'),
(637, 1, 10, 11455, 'EVELLYNE AZZAHRA', '', 100, 'siswa', '', '123456', '0000-00-00 00:00:00'),
(638, 1, 10, 11456, 'GALIH ARAFAT ADIPUTRA', '', 100, 'siswa', '', '123456', '0000-00-00 00:00:00'),
(639, 1, 10, 11457, 'HARRIS PRATAMA', '', 100, 'siswa', '', '123456', '0000-00-00 00:00:00'),
(640, 1, 10, 11458, 'KANIA SARASWATI SUMANTRI', '', 100, 'siswa', '', '123456', '0000-00-00 00:00:00'),
(641, 1, 10, 11459, 'LICHA JULIANTO', '', 100, 'siswa', '', '123456', '0000-00-00 00:00:00'),
(642, 1, 10, 11460, 'MARIA LOISHA FERNANDA MAJA SAWU', '', 100, 'siswa', '', '123456', '0000-00-00 00:00:00'),
(643, 1, 10, 11461, 'MUHAMAD REFI', '', 100, 'siswa', '', '123456', '0000-00-00 00:00:00'),
(644, 1, 10, 11462, 'MUHAMMAD HABIBULLAH MURSALIN', '', 100, 'siswa', '', '123456', '0000-00-00 00:00:00'),
(645, 1, 10, 11463, 'MUHAMMAD KA\'ANDRI', '', 99, 'siswa', '', '123456', '0000-00-00 00:00:00'),
(646, 1, 10, 11464, 'MUHAMMAD RIFKI JULIANTO', '', 100, 'siswa', '', '123456', '0000-00-00 00:00:00'),
(647, 1, 10, 11465, 'MUHAMMAD ZILDJIAN EKO RAMADHANI', '', 100, 'siswa', '', '123456', '0000-00-00 00:00:00'),
(648, 1, 10, 11466, 'NALITA AUDIA FITRI', '', 100, 'siswa', '', '123456', '0000-00-00 00:00:00'),
(649, 1, 10, 11467, 'NATASYA DIAH PALUPI', '', 100, 'siswa', '', '123456', '0000-00-00 00:00:00'),
(650, 1, 10, 11468, 'NAUFAL FEBRIANSYAH', '', 100, 'siswa', '', '123456', '0000-00-00 00:00:00'),
(651, 1, 10, 11469, 'NICO YUSUF SULISTYO', '', 100, 'siswa', '', '123456', '0000-00-00 00:00:00'),
(652, 1, 10, 11470, 'REFAH DIAS KURNIAWAN', '', 100, 'siswa', '', '123456', '0000-00-00 00:00:00'),
(653, 1, 10, 11471, 'RIDWAN INGRATUBUN', '', 100, 'siswa', '', '123456', '0000-00-00 00:00:00'),
(654, 1, 10, 11472, 'ROBIN MAINDRA', '', 99, 'siswa', '', '123456', '0000-00-00 00:00:00'),
(655, 1, 10, 11473, 'SEVILLA MAYSAH SALPIA', '', 100, 'siswa', '', '123456', '0000-00-00 00:00:00'),
(656, 1, 10, 11474, 'SHANDIKA PRATAMA', '', 100, 'siswa', '', '123456', '0000-00-00 00:00:00'),
(657, 1, 10, 11475, 'VIVIA ZERLINDAH', '', 99, 'siswa', '', '123456', '0000-00-00 00:00:00'),
(658, 1, 10, 11476, 'WILDAN', '', 99, 'siswa', '', '123456', '0000-00-00 00:00:00'),
(659, 1, 10, 11477, 'ZASKIA SIVA AYURA', '', 100, 'siswa', '', '123456', '0000-00-00 00:00:00'),
(660, 1, 10, 11478, 'ZIDANE ATHALLAH WINATA', '', 100, 'siswa', '', '123456', '0000-00-00 00:00:00');

-- --------------------------------------------------------

--
-- Struktur dari tabel `user_log`
--

CREATE TABLE `user_log` (
  `id_log` int(11) NOT NULL,
  `ip_user` varchar(15) NOT NULL,
  `username` varchar(18) NOT NULL,
  `nama_user` varchar(255) NOT NULL,
  `role` varchar(5) NOT NULL,
  `log_time` timestamp NOT NULL DEFAULT current_timestamp() ON UPDATE current_timestamp()
) ENGINE=InnoDB DEFAULT CHARSET=utf8mb4;

--
-- Dumping data untuk tabel `user_log`
--

INSERT INTO `user_log` (`id_log`, `ip_user`, `username`, `nama_user`, `role`, `log_time`) VALUES
(1, '::1', '10965', 'Albert Christian Darwin', 'admin', '2022-08-15 04:16:21'),
(2, '::1', '10965', 'Albert Christian Darwin', 'admin', '2022-08-16 00:22:53'),
(3, '::1', '10965', 'Albert Christian Darwin', 'admin', '2022-08-16 00:41:11'),
(4, '::1', '10965', 'Albert Christian Darwin', 'admin', '2022-08-16 00:42:35'),
(5, '::1', '10965', 'Albert Christian Darwin', 'admin', '2022-08-18 02:52:25'),
(6, '::1', '10965', 'ALBERT CHRISTIAN DARWIN', 'admin', '2022-08-19 01:49:16'),
(7, '::1', '10965', 'ALBERT CHRISTIAN DARWIN', 'admin', '2022-08-19 08:08:48'),
(8, '::1', '1977022022211002', 'Irwan Saputra', 'admin', '2022-08-19 08:24:00'),
(9, '::1', '10965', 'ALBERT CHRISTIAN DARWIN', 'admin', '2022-08-19 08:27:07');

--
-- Indexes for dumped tables
--

--
-- Indeks untuk tabel `guru_pembina`
--
ALTER TABLE `guru_pembina`
  ADD PRIMARY KEY (`id_guru`);

--
-- Indeks untuk tabel `jurusan`
--
ALTER TABLE `jurusan`
  ADD PRIMARY KEY (`id_jurusan`),
  ADD KEY `id_kelas` (`id_kelas`);

--
-- Indeks untuk tabel `kelas`
--
ALTER TABLE `kelas`
  ADD PRIMARY KEY (`id_kelas`);

--
-- Indeks untuk tabel `ket_pelanggaran`
--
ALTER TABLE `ket_pelanggaran`
  ADD PRIMARY KEY (`id_pelanggaran`);

--
-- Indeks untuk tabel `ket_prestasi`
--
ALTER TABLE `ket_prestasi`
  ADD PRIMARY KEY (`id_prestasi`);

--
-- Indeks untuk tabel `komponen`
--
ALTER TABLE `komponen`
  ADD PRIMARY KEY (`id_komponen`);

--
-- Indeks untuk tabel `pelanggaran_siswa`
--
ALTER TABLE `pelanggaran_siswa`
  ADD PRIMARY KEY (`id_pelanggaran_siswa`),
  ADD KEY `id_pelanggar` (`id_pelanggar`),
  ADD KEY `id_pelapor` (`id_pelapor`),
  ADD KEY `id_pelanggaran1` (`id_pelanggaran`);

--
-- Indeks untuk tabel `prestasi`
--
ALTER TABLE `prestasi`
  ADD PRIMARY KEY (`id_prestasi`),
  ADD KEY `id_siswa` (`id_siswa`);

--
-- Indeks untuk tabel `prestasi_siswa`
--
ALTER TABLE `prestasi_siswa`
  ADD PRIMARY KEY (`id_prestasi_siswa`),
  ADD KEY `id_siswa` (`id_siswa`),
  ADD KEY `id_prestasi` (`id_prestasi`);

--
-- Indeks untuk tabel `siswa`
--
ALTER TABLE `siswa`
  ADD PRIMARY KEY (`id_siswa`),
  ADD KEY `id_kelas` (`id_kelas`),
  ADD KEY `id_jurusan` (`id_jurusan`);

--
-- Indeks untuk tabel `user_log`
--
ALTER TABLE `user_log`
  ADD PRIMARY KEY (`id_log`);

--
-- AUTO_INCREMENT untuk tabel yang dibuang
--

--
-- AUTO_INCREMENT untuk tabel `guru_pembina`
--
ALTER TABLE `guru_pembina`
  MODIFY `id_guru` int(11) NOT NULL AUTO_INCREMENT, AUTO_INCREMENT=3;

--
-- AUTO_INCREMENT untuk tabel `jurusan`
--
ALTER TABLE `jurusan`
  MODIFY `id_jurusan` int(11) NOT NULL AUTO_INCREMENT, AUTO_INCREMENT=38;

--
-- AUTO_INCREMENT untuk tabel `kelas`
--
ALTER TABLE `kelas`
  MODIFY `id_kelas` int(11) NOT NULL AUTO_INCREMENT, AUTO_INCREMENT=4;

--
-- AUTO_INCREMENT untuk tabel `ket_pelanggaran`
--
ALTER TABLE `ket_pelanggaran`
  MODIFY `id_pelanggaran` int(11) NOT NULL AUTO_INCREMENT, AUTO_INCREMENT=43;

--
-- AUTO_INCREMENT untuk tabel `ket_prestasi`
--
ALTER TABLE `ket_prestasi`
  MODIFY `id_prestasi` int(11) NOT NULL AUTO_INCREMENT, AUTO_INCREMENT=7;

--
-- AUTO_INCREMENT untuk tabel `komponen`
--
ALTER TABLE `komponen`
  MODIFY `id_komponen` int(11) NOT NULL AUTO_INCREMENT, AUTO_INCREMENT=3;

--
-- AUTO_INCREMENT untuk tabel `pelanggaran_siswa`
--
ALTER TABLE `pelanggaran_siswa`
  MODIFY `id_pelanggaran_siswa` int(11) NOT NULL AUTO_INCREMENT;

--
-- AUTO_INCREMENT untuk tabel `prestasi`
--
ALTER TABLE `prestasi`
  MODIFY `id_prestasi` int(11) NOT NULL AUTO_INCREMENT, AUTO_INCREMENT=6;

--
-- AUTO_INCREMENT untuk tabel `prestasi_siswa`
--
ALTER TABLE `prestasi_siswa`
  MODIFY `id_prestasi_siswa` int(11) NOT NULL AUTO_INCREMENT, AUTO_INCREMENT=2;

--
-- AUTO_INCREMENT untuk tabel `siswa`
--
ALTER TABLE `siswa`
  MODIFY `id_siswa` int(11) NOT NULL AUTO_INCREMENT, AUTO_INCREMENT=661;

--
-- AUTO_INCREMENT untuk tabel `user_log`
--
ALTER TABLE `user_log`
  MODIFY `id_log` int(11) NOT NULL AUTO_INCREMENT, AUTO_INCREMENT=10;

--
-- Ketidakleluasaan untuk tabel pelimpahan (Dumped Tables)
--

--
-- Ketidakleluasaan untuk tabel `jurusan`
--
ALTER TABLE `jurusan`
  ADD CONSTRAINT `jurusan_ibfk_1` FOREIGN KEY (`id_kelas`) REFERENCES `kelas` (`id_kelas`);

--
-- Ketidakleluasaan untuk tabel `prestasi`
--
ALTER TABLE `prestasi`
  ADD CONSTRAINT `prestasi_ibfk_1` FOREIGN KEY (`id_siswa`) REFERENCES `siswa` (`id_siswa`);

--
-- Ketidakleluasaan untuk tabel `prestasi_siswa`
--
ALTER TABLE `prestasi_siswa`
  ADD CONSTRAINT `prestasi_siswa_ibfk_1` FOREIGN KEY (`id_siswa`) REFERENCES `siswa` (`id_siswa`),
  ADD CONSTRAINT `prestasi_siswa_ibfk_2` FOREIGN KEY (`id_prestasi`) REFERENCES `ket_prestasi` (`id_prestasi`);

--
-- Ketidakleluasaan untuk tabel `siswa`
--
ALTER TABLE `siswa`
  ADD CONSTRAINT `siswa_ibfk_1` FOREIGN KEY (`id_kelas`) REFERENCES `kelas` (`id_kelas`),
  ADD CONSTRAINT `siswa_ibfk_2` FOREIGN KEY (`id_jurusan`) REFERENCES `jurusan` (`id_jurusan`);
COMMIT;

/*!40101 SET CHARACTER_SET_CLIENT=@OLD_CHARACTER_SET_CLIENT */;
/*!40101 SET CHARACTER_SET_RESULTS=@OLD_CHARACTER_SET_RESULTS */;
/*!40101 SET COLLATION_CONNECTION=@OLD_COLLATION_CONNECTION */;
